road_name,geometry,score
자양로44길,"LINESTRING (14148244.23966146 4516030.806599809, 14148275.382464692 4516041.189101346, 14148331.50975195 4516081.795494711)",3
자양로44길,"LINESTRING (14148305.657400547 4516112.772333091, 14148331.50975195 4516081.795494711)",3
영화사로16길,"LINESTRING (14148377.273194615 4516576.737190558, 14148417.71556562 4516544.048327993)",3
영화사로16나길,"LINESTRING (14148377.273194615 4516576.737190558, 14148367.983680561 4516564.902102143)",3
영화사로16길,"LINESTRING (14148417.71556562 4516544.048327993, 14148377.273194615 4516576.737190558)",3
영화사로16나길,"LINESTRING (14148275.092391979 4516492.324519701, 14148242.305036515 4516482.694732361)",3
영화사로16나길,"LINESTRING (14148242.305036515 4516482.694732361, 14148275.092391979 4516492.324519701)",3
영화사로16길,"LINESTRING (14148367.900794184 4516584.315509259, 14148377.273194615 4516576.737190558)",3
영화사로16나길,"LINESTRING (14148367.983680561 4516564.902102143, 14148377.273194615 4516576.737190558)",3
영화사로16길,"LINESTRING (14148377.273194615 4516576.737190558, 14148367.900794184 4516584.315509259)",3
자양로44길,"LINESTRING (14148331.50975195 4516081.795494711, 14148305.657400547 4516112.772333091)",3
자양로44길,"LINESTRING (14148331.50975195 4516081.795494711, 14148350.623308519 4516104.48571951, 14148352.783965888 4516112.975512111)",3
자양로44길,"LINESTRING (14148331.50975195 4516081.795494711, 14148275.382464692 4516041.189101346, 14148244.23966146 4516030.806599809)",3
자양로44길,"LINESTRING (14148352.783965888 4516112.975512111, 14148350.623308519 4516104.48571951, 14148331.50975195 4516081.795494711)",3
천호대로137길,"LINESTRING (14147992.193378761 4516030.312695126, 14148023.822679395 4516019.552079874)",2
영화사로9가길,"LINESTRING (14148019.868452752 4516870.917696519, 14148006.779665357 4516970.359553623)",2
영화사로9길,"LINESTRING (14148025.927369924 4516997.512827144, 14148022.609296946 4516992.700650483)",2
영화사로9길,"LINESTRING (14148099.799916157 4516997.833176773, 14148106.444005463 4516978.293375771)",2
영화사로9길,"LINESTRING (14148106.444005463 4516978.293375771, 14148099.799916157 4516997.833176773)",2
영화사로9가길,"LINESTRING (14148106.444005463 4516978.293375771, 14148109.191200295 4516997.873902246)",2
영화사로9가길,"LINESTRING (14148106.444005463 4516978.293375771, 14148104.495914374 4516943.20205574, 14148083.078044346 4516912.44985523, 14148056.80664452 4516884.983582689, 14148028.087869506 4516870.953339013)",2
영화사로9가길,"LINESTRING (14148028.087869506 4516870.953339013, 14148020.360643232 4516867.178287065)",2
영화사로9가길,"LINESTRING (14148020.360643232 4516867.178287065, 14147988.67312453 4516847.951028962)",2
영화사로9가길,"LINESTRING (14148020.360643232 4516867.178287065, 14148019.868452752 4516870.917696519)",2
영화사로15길,"LINESTRING (14148112.677629717 4516744.752794759, 14148032.472203832 4516686.739894731)",2
영화사로9가길,"LINESTRING (14148028.087869506 4516870.953339013, 14148056.80664452 4516884.983582689, 14148083.078044346 4516912.44985523, 14148104.495914374 4516943.20205574, 14148106.444005463 4516978.293375771)",2
영화사로9가길,"LINESTRING (14148020.360643232 4516867.178287065, 14148028.087869506 4516870.953339013)",2
영화사로16길,"LINESTRING (14148204.160254482 4516671.027157874, 14148241.5071697 4516669.044010326)",2
영화사로16길,"LINESTRING (14148204.160254482 4516671.027157874, 14148175.139263231 4516672.571751157)",2
영화사로15길,"LINESTRING (14148116.551815229 4516747.55500838, 14148180.571654383 4516793.865161106, 14148155.70288014 4516827.692203283)",2
영화사로16가길,"LINESTRING (14148242.086664079 4516533.698336537, 14148216.338606775 4516559.353667597)",2
영화사로15길,"LINESTRING (14148116.551815229 4516747.55500838, 14148115.142584762 4516746.53570644)",2
영화사로15길,"LINESTRING (14148115.142584762 4516746.53570644, 14148112.677629717 4516744.752794759)",2
천호대로137길,"LINESTRING (14148002.326885724 4515993.281622696, 14147992.342418298 4515995.69227229)",2
영화사로16길,"LINESTRING (14148168.23388152 4516618.427210785, 14148166.990676504 4516620.069749108, 14148204.160254482 4516671.027157874)",2
영화사로16길,"LINESTRING (14148203.19177491 4516584.76900575, 14148192.33812456 4516586.580377511, 14148168.23388152 4516618.427210785)",2
영화사로16가길,"LINESTRING (14148218.299940273 4516618.6436965065, 14148241.6053624 4516646.110768267)",2
영화사로16가길,"LINESTRING (14148203.19177491 4516584.76900575, 14148209.525853937 4516608.302821423, 14148218.299940273 4516618.6436965065)",2
영화사로16가길,"LINESTRING (14148203.19177491 4516584.76900575, 14148216.338606775 4516559.353667597)",2
영화사로16길,"LINESTRING (14148216.338606775 4516559.353667597, 14148183.421433346 4516520.121493314)",2
영화사로16길,"LINESTRING (14148216.338606775 4516559.353667597, 14148241.846690737 4516589.746761824)",2
영화사로16가길,"LINESTRING (14148216.338606775 4516559.353667597, 14148242.086664079 4516533.698336537)",2
영화사로16가길,"LINESTRING (14148216.338606775 4516559.353667597, 14148203.19177491 4516584.76900575)",2
영화사로16나길,"LINESTRING (14148209.298568718 4516492.040433357, 14148183.421433346 4516520.121493314)",2
영화사로16나길,"LINESTRING (14148242.305036515 4516482.694732361, 14148223.106831813 4516477.056137054, 14148209.298568718 4516492.040433357)",2
자양로48길,"LINESTRING (14148023.06570686 4516245.135320735, 14147996.968925383 4516237.996805291)",2
영화사로16길,"LINESTRING (14148168.23388152 4516618.427210785, 14148192.33812456 4516586.580377511, 14148203.19177491 4516584.76900575)",2
영화사로16길,"LINESTRING (14148204.160254482 4516671.027157874, 14148166.990676504 4516620.069749108, 14148168.23388152 4516618.427210785)",2
자양로48길,"LINESTRING (14148040.431547426 4516249.881242214, 14148109.961701373 4516268.87899087)",2
자양로48길,"LINESTRING (14148040.431547426 4516249.881242214, 14148023.06570686 4516245.135320735)",2
긴고랑로42길,"LINESTRING (14148045.41866061 4517279.5864790315, 14148112.697908614 4517315.851590341)",2
긴고랑로42길,"LINESTRING (14148114.654941011 4517377.613247731, 14148114.21410592 4517413.581566303, 14148112.270187918 4517415.450720361)",2
자양로48길,"LINESTRING (14147991.30595801 4516236.447756796, 14147976.200201236 4516232.315727023)",2
자양로48길,"LINESTRING (14148023.06570686 4516245.135320735, 14148040.431547426 4516249.881242214)",2
긴고랑로42길,"LINESTRING (14148045.41866061 4517279.5864790315, 14147989.603067927 4517271.44179, 14147986.85449174 4517270.291602911)",2
긴고랑로42길,"LINESTRING (14147986.85449174 4517270.291602911, 14147968.764059251 4517262.721362737, 14147934.87840625 4517266.709447734)",2
긴고랑로42길,"LINESTRING (14148104.42912268 4517422.9902147725, 14148112.270187918 4517415.450720361)",2
긴고랑로42길,"LINESTRING (14148114.654941011 4517377.613247731, 14148115.394092523 4517317.304897452, 14148112.697908614 4517315.851590341)",2
긴고랑로42길,"LINESTRING (14148112.697908614 4517315.851590341, 14148045.41866061 4517279.5864790315)",2
긴고랑로42길,"LINESTRING (14148112.270187918 4517415.450720361, 14148114.21410592 4517413.581566303, 14148114.654941011 4517377.613247731)",2
영화사로3길,"LINESTRING (14148040.795376744 4517250.71955575, 14148045.41866061 4517279.5864790315)",2
자양로44길,"LINESTRING (14148243.122990547 4516291.643891633, 14148253.574976444 4516301.524870112)",2
천호대로137길,"LINESTRING (14148023.822679395 4516019.552079874, 14147992.193378761 4516030.312695126)",2
천호대로137길,"LINESTRING (14147992.342418298 4515995.69227229, 14148002.326885724 4515993.281622696)",2
자양로44길,"LINESTRING (14147943.146754598 4516111.203084738, 14147865.682776332 4516142.986247914)",2
긴고랑로42길,"LINESTRING (14148112.697908614 4517315.851590341, 14148115.394092523 4517317.304897452, 14148114.654941011 4517377.613247731)",2
긴고랑로42길,"LINESTRING (14148112.270187918 4517415.450720361, 14148104.42912268 4517422.9902147725)",2
영화사로3길,"LINESTRING (14148045.41866061 4517279.5864790315, 14148040.795376744 4517250.71955575)",2
자양로44길,"LINESTRING (14148050.906711508 4516057.715266632, 14148118.25745042 4516021.0241579255)",2
자양로44가길,"LINESTRING (14148075.67801412 4516111.778267499, 14148073.760602966 4516101.4388238415, 14148050.906711508 4516057.715266632)",2
자양로44가길,"LINESTRING (14148040.431547426 4516249.881242214, 14148043.997537965 4516238.20070607)",2
영화사로,"LINESTRING (14148424.738161765 4516619.5334329195, 14148455.330421558 4516597.743489468, 14148417.71556562 4516544.048327993)",2
자양로44가길,"LINESTRING (14148050.906711508 4516057.715266632, 14148073.760602966 4516101.4388238415, 14148075.67801412 4516111.778267499)",2
자양로44가길,"LINESTRING (14148043.997537965 4516238.20070607, 14148040.431547426 4516249.881242214)",2
자양로44길,"LINESTRING (14148118.25745042 4516021.0241579255, 14148140.418714054 4516008.951219362, 14148151.172176862 4516010.144693188)",2
자양로44나길,"LINESTRING (14148134.520038305 4516112.033177737, 14148151.172176862 4516010.144693188)",2
긴고랑로42길,"LINESTRING (14147934.87840625 4517266.709447734, 14147968.764059251 4517262.721362737, 14147986.85449174 4517270.291602911)",2
자양로44다길,"LINESTRING (14148214.378288958 4516112.378440189, 14148212.242049513 4516103.23607095, 14148225.22190214 4516024.466389715)",2
자양로44나길,"LINESTRING (14148117.290252643 4516246.317640309, 14148109.961701373 4516268.87899087)",2
자양로44길,"LINESTRING (14147865.682776332 4516142.986247914, 14147943.146754598 4516111.203084738)",2
긴고랑로42길,"LINESTRING (14147934.87840625 4517266.709447734, 14147933.887662785 4517295.566939036)",2
긴고랑로42길,"LINESTRING (14147934.87840625 4517266.709447734, 14147933.153571244 4517250.252084226)",2
긴고랑로42길,"LINESTRING (14147986.85449174 4517270.291602911, 14147989.603067927 4517271.44179, 14148045.41866061 4517279.5864790315)",2
자양로44길,"LINESTRING (14148050.906711508 4516057.715266632, 14147991.937112596 4516089.84081237)",2
영화사로16가길,"LINESTRING (14148218.299940273 4516618.6436965065, 14148209.525853937 4516608.302821423, 14148203.19177491 4516584.76900575)",2
영화사로16길,"LINESTRING (14148120.893275369 4516693.100821724, 14148175.139263231 4516672.571751157)",2
영화사로13길,"LINESTRING (14148114.922612162 4516797.765887422, 14148091.237763021 4516780.384925704)",2
"영화사로13길, 영화사로11길","LINESTRING (14148138.490303598 4516871.431796759, 14148168.181795059 4516907.226202753, 14148196.779772243 4516886.949468921, 14148196.779772243 4516881.234357827, 14148189.428355038 4516871.6520672515)",2
"영화사로13길, 영화사로11길","MULTILINESTRING ((14148130.232980646 4516861.47722878, 14148138.490303598 4516871.431796759), (14148189.428355038 4516871.6520672515, 14148155.70288014 4516827.692203283))",2
영화사로11길,"LINESTRING (14148114.698534342 4516849.952147882, 14148065.767863525 4516813.65024639)",2
영화사로11길,"LINESTRING (14148130.232980646 4516861.47722878, 14148114.698534342 4516849.952147882)",2
영화사로15길,"LINESTRING (14148155.70288014 4516827.692203283, 14148130.232980646 4516861.47722878)",2
"영화사로13길, 영화사로11길","LINESTRING (14148189.428355038 4516871.6520672515, 14148196.779772243 4516881.234357827, 14148196.779772243 4516886.949468921, 14148168.181795059 4516907.226202753, 14148138.490303598 4516871.431796759)",2
"영화사로13길, 영화사로11길","MULTILINESTRING ((14148155.70288014 4516827.692203283, 14148189.428355038 4516871.6520672515), (14148138.490303598 4516871.431796759, 14148130.232980646 4516861.47722878))",2
영화사로13길,"LINESTRING (14148155.70288014 4516827.692203283, 14148114.922612162 4516797.765887422)",2
자양로48길,"LINESTRING (14147976.200201236 4516232.315727023, 14147991.30595801 4516236.447756796)",2
영화사로15길,"LINESTRING (14148155.70288014 4516827.692203283, 14148180.571654383 4516793.865161106, 14148116.551815229 4516747.55500838)",2
영화사로13길,"LINESTRING (14148091.237763021 4516780.384925704, 14148043.025173254 4516744.4507652)",2
영화사로13길,"LINESTRING (14148043.025173254 4516744.4507652, 14147994.40093798 4516708.209794051)",2
영화사로13길,"LINESTRING (14148091.237763021 4516780.384925704, 14148114.922612162 4516797.765887422)",2
영화사로13길,"LINESTRING (14148114.922612162 4516797.765887422, 14148155.70288014 4516827.692203283)",2
천호대로137길,"LINESTRING (14147976.200201236 4516232.315727023, 14147991.566599153 4516175.905348965)",2
천호대로137길,"LINESTRING (14147976.200201236 4516232.315727023, 14147974.834797539 4516237.900639788)",2
긴고랑로44길,"LINESTRING (14148142.354498778 4517377.733043953, 14148145.76204961 4517333.383713578)",2
영화사로11길,"LINESTRING (14148065.767863525 4516813.65024639, 14147989.065497026 4516756.824575696)",2
영화사로11길,"LINESTRING (14148114.698534342 4516849.952147882, 14148130.232980646 4516861.47722878)",2
영화사로11길,"LINESTRING (14148065.767863525 4516813.65024639, 14148114.698534342 4516849.952147882)",2
자양로44길,"LINESTRING (14148244.23966146 4516030.806599809, 14148225.22190214 4516024.466389715)",2
자양로44길,"LINESTRING (14148304.721303146 4516239.328111026, 14148253.574976444 4516301.524870112)",2
자양로52길,"LINESTRING (14148115.817106588 4516384.3265095875, 14148100.243509825 4516405.458794857)",2
자양로44길,"LINESTRING (14148221.28140439 4516365.52941407, 14148196.557133261 4516412.633952584)",2
자양로44길,"LINESTRING (14148242.990839439 4516322.511255287, 14148253.574976444 4516301.524870112)",2
자양로48길,"LINESTRING (14148222.309871424 4516365.533860874, 14148242.120200843 4516385.64639858)",2
자양로48길,"LINESTRING (14148117.166807605 4516275.070933151, 14148109.961701373 4516268.87899087)",2
영화사로16길,"LINESTRING (14148241.846690737 4516589.746761824, 14148216.338606775 4516559.353667597)",2
자양로50가길,"LINESTRING (14148030.546376642 4516469.951142589, 14148044.194430536 4516491.325674607)",2
자양로50가길,"LINESTRING (14148044.194430536 4516491.325674607, 14148109.060013497 4516592.913160317)",2
자양로50가길,"LINESTRING (14148030.546376642 4516469.951142589, 14147990.5874815 4516403.330704872)",2
자양로50가길,"LINESTRING (14147967.254251566 4516364.428978832, 14147950.663510047 4516336.768492773)",2
자양로52길,"LINESTRING (14148030.546376642 4516469.951142589, 14148057.318714175 4516445.181990113)",2
자양로52길,"LINESTRING (14148030.546376642 4516469.951142589, 14147998.422848834 4516491.127211043)",2
자양로52길,"LINESTRING (14147998.422848834 4516491.127211043, 14147990.186106287 4516496.556932992)",2
천호대로137길,"LINESTRING (14147974.834797539 4516237.900639788, 14147950.663510047 4516336.768492773)",2
자양로48길,"LINESTRING (14147996.968925383 4516237.996805291, 14148023.06570686 4516245.135320735)",2
영화사로16가길,"LINESTRING (14148241.6053624 4516646.110768267, 14148218.299940273 4516618.6436965065)",2
자양로52길,"LINESTRING (14148116.348352484 4516465.705365127, 14148133.09092654 4516491.710922064)",2
자양로54길,"LINESTRING (14148182.263710642 4516507.680684226, 14148160.033208331 4516533.559268733)",2
자양로54길,"LINESTRING (14148182.263710642 4516507.680684226, 14148183.421433346 4516520.121493314)",2
자양로54길,"LINESTRING (14148180.793991271 4516491.917183511, 14148178.634695243 4516468.757616323, 14148189.332498308 4516435.240646083)",2
자양로54길,"LINESTRING (14148182.263710642 4516507.680684226, 14148180.793991271 4516491.917183511)",2
자양로52길,"LINESTRING (14148086.02801085 4516418.615594685, 14148100.243509825 4516405.458794857)",2
자양로52길,"LINESTRING (14148086.02801085 4516418.615594685, 14148057.318714175 4516445.181990113)",2
자양로52길,"LINESTRING (14148086.02801085 4516418.615594685, 14148114.236369818 4516462.424908652, 14148116.348352484 4516465.705365127)",2
자양로52길,"LINESTRING (14148133.09092654 4516491.710922064, 14148160.033208331 4516533.559268733)",2
자양로48길,"LINESTRING (14147976.200201236 4516232.315727023, 14147950.663510047 4516227.246866812, 14147933.121443026 4516237.719279771)",2
자양로54길,"LINESTRING (14148160.033208331 4516533.559268733, 14148182.263710642 4516507.680684226)",2
자양로54길,"LINESTRING (14148160.033208331 4516533.559268733, 14148134.385197653 4516563.425734199)",2
자양로52길,"LINESTRING (14148116.348352484 4516465.705365127, 14148114.236369818 4516462.424908652, 14148086.02801085 4516418.615594685)",2
자양로52길,"LINESTRING (14148133.09092654 4516491.710922064, 14148116.348352484 4516465.705365127)",2
자양로52길,"LINESTRING (14148160.033208331 4516533.559268733, 14148133.09092654 4516491.710922064)",2
영화사로16길,"LINESTRING (14148241.5071697 4516669.044010326, 14148204.160254482 4516671.027157874)",2
자양로52길,"LINESTRING (14148087.515724892 4516491.513513833, 14148116.049578568 4516535.293241927)",2
자양로50가길,"LINESTRING (14148175.139263231 4516672.571751157, 14148134.40746155 4516647.226408374, 14148120.871589322 4516618.222416156)",2
자양로50가길,"LINESTRING (14148120.871589322 4516618.222416156, 14148115.740723532 4516607.22825273)",2
자양로50가길,"LINESTRING (14148115.740723532 4516607.22825273, 14148109.060013497 4516592.913160317)",2
영화사로16길,"LINESTRING (14148175.139263231 4516672.571751157, 14148120.893275369 4516693.100821724)",2
자양로48길,"LINESTRING (14147933.121443026 4516237.719279771, 14147865.098486882 4516278.328204965)",2
자양로44나길,"LINESTRING (14148109.961701373 4516268.87899087, 14148117.290252643 4516246.317640309)",2
자양로48길,"LINESTRING (14148109.961701373 4516268.87899087, 14148117.166807605 4516275.070933151)",2
자양로48길,"LINESTRING (14148109.961701373 4516268.87899087, 14148040.431547426 4516249.881242214)",2
자양로48길,"LINESTRING (14148242.120200843 4516385.64639858, 14148222.309871424 4516365.533860874)",2
자양로50가길,"LINESTRING (14148044.194430536 4516491.325674607, 14148030.546376642 4516469.951142589)",2
자양로50가길,"LINESTRING (14148109.060013497 4516592.913160317, 14148044.194430536 4516491.325674607)",2
자양로54길,"LINESTRING (14148109.060013497 4516592.913160317, 14148115.836060459 4516585.023457208)",2
자양로54길,"LINESTRING (14148115.836060459 4516585.023457208, 14148134.385197653 4516563.425734199)",2
자양로54길,"LINESTRING (14148083.441320471 4516618.060177525, 14148060.179625088 4516640.8935926985)",2
자양로54길,"LINESTRING (14148109.060013497 4516592.913160317, 14148083.441320471 4516618.060177525)",2
자양로50가길,"LINESTRING (14148109.060013497 4516592.913160317, 14148115.740723532 4516607.22825273)",2
자양로50가길,"LINESTRING (14148115.740723532 4516607.22825273, 14148120.871589322 4516618.222416156)",2
자양로50가길,"LINESTRING (14148120.871589322 4516618.222416156, 14148134.40746155 4516647.226408374, 14148175.139263231 4516672.571751157)",2
영화사로16길,"LINESTRING (14148175.139263231 4516672.571751157, 14148204.160254482 4516671.027157874)",2
자양로52길,"LINESTRING (14148057.318714175 4516445.181990113, 14148087.515724892 4516491.513513833)",2
긴고랑로46길,"LINESTRING (14148135.375941122 4517468.559087157, 14148177.488104487 4517468.882072168)",2
자양로52길,"LINESTRING (14148116.049578568 4516535.293241927, 14148134.385197653 4516563.425734199)",2
용마산로8다길,"LINESTRING (14147476.731909946 4517700.591280351, 14147480.935460992 4517675.112489965)",2
광장로1다길,"LINESTRING (14148982.590540452 4515989.110657214, 14148994.873729536 4515949.024967422, 14149000.806684123 4515930.618479242)",2
광장로1다길,"LINESTRING (14148915.0576999 4516115.381947137, 14148953.496274808 4516061.702892409, 14148972.810206458 4516019.945224578, 14148979.901258023 4515997.887021432, 14148982.590540452 4515989.110657214)",2
광장로1다길,"LINESTRING (14148850.280842945 4516149.571454511, 14148873.89233728 4516141.780343003)",2
광장로1다길,"LINESTRING (14149000.806684123 4515930.618479242, 14149002.744017536 4515924.60806672, 14149027.033930426 4515879.256527683, 14149031.348216616 4515862.760688201)",2
용마산로8다길,"LINESTRING (14147476.731909946 4517700.591280351, 14147471.678005062 4517731.177279221)",2
용마산로8가길,"LINESTRING (14147476.731909946 4517700.591280351, 14147436.400858428 4517694.440387797)",2
용마산로8다길,"LINESTRING (14147480.935460992 4517675.112489965, 14147482.83221804 4517663.615763823, 14147519.300483223 4517645.191248346)",2
용마산로8가길,"LINESTRING (14147480.821790017 4517701.215121862, 14147517.241072644 4517706.770262815, 14147520.235566944 4517694.229740856)",2
광장로1다길,"LINESTRING (14149031.348216616 4515862.760688201, 14149027.033930426 4515879.256527683, 14149002.744017536 4515924.60806672, 14149000.806684123 4515930.618479242)",2
용마산로8가길,"LINESTRING (14147476.731909946 4517700.591280351, 14147480.821790017 4517701.215121862)",2
"워커힐로, 영화사로","LINESTRING (14148620.589185208 4516436.705536901, 14148591.863777015 4516453.817487296, 14148519.682046697 4516493.376995586)",2
"워커힐로, 영화사로","LINESTRING (14148494.260739671 4516507.019510719, 14148447.649376694 4516520.992069673, 14148411.225639308 4516536.22716768)",2
긴고랑로39길,"LINESTRING (14147900.747120371 4517376.684533222, 14147906.336088814 4517373.405328259)",2
긴고랑로39길,"LINESTRING (14147860.253382709 4517400.443347901, 14147900.747120371 4517376.684533222)",2
"용마산로8길, 긴고랑로39길","LINESTRING (14147860.39199592 4517368.345545305, 14147867.251815595 4517364.993755134, 14147861.329618685 4517347.805519892)",2
용마산로28길,"LINESTRING (14147417.643524231 4518503.018860572, 14147386.329840627 4518513.661584014)",2
광장로1다길,"LINESTRING (14148873.89233728 4516141.780343003, 14148903.513823442 4516132.006107689, 14148913.710688798 4516117.263033593, 14148915.0576999 4516115.381947137)",2
광장로1다길,"LINESTRING (14148873.89233728 4516141.780343003, 14148850.280842945 4516149.571454511)",2
자양로50길,"LINESTRING (14148417.71556562 4516544.048327993, 14148414.999370044 4516540.776639036, 14148411.225639308 4516536.22716768)",2
긴고랑로42길,"LINESTRING (14147933.153571244 4517250.252084226, 14147934.87840625 4517266.709447734)",2
영화사로16길,"LINESTRING (14148183.421433346 4516520.121493314, 14148216.338606775 4516559.353667597)",2
자양로54길,"LINESTRING (14148183.421433346 4516520.121493314, 14148182.263710642 4516507.680684226)",2
영화사로16나길,"LINESTRING (14148209.298568718 4516492.040433357, 14148223.106831813 4516477.056137054, 14148242.305036515 4516482.694732361)",2
영화사로16나길,"LINESTRING (14148183.421433346 4516520.121493314, 14148209.298568718 4516492.040433357)",2
영화사로7길,"LINESTRING (14147861.968339328 4517003.300635023, 14147896.70695286 4517022.989693297)",2
영화사로7길,"LINESTRING (14147987.615887458 4517093.478394129, 14147987.543657348 4517093.397663363)",2
긴고랑로44길,"LINESTRING (14148122.61853405 4517251.074289702, 14148136.83422645 4517270.163916951, 14148148.778807813 4517294.0503389705, 14148145.76204961 4517333.383713578)",2
영화사로11길,"LINESTRING (14147989.065497026 4516756.824575696, 14148065.767863525 4516813.65024639)",2
광장로1다길,"LINESTRING (14148982.590540452 4515989.110657214, 14148979.901258023 4515997.887021432, 14148972.810206458 4516019.945224578, 14148953.496274808 4516061.702892409, 14148915.0576999 4516115.381947137)",2
영화사로9길,"LINESTRING (14148172.893421039 4517251.291713619, 14148172.334012063 4517253.074135249)",2
영화사로9나길,"LINESTRING (14148239.719354633 4517086.573349262, 14148253.185358228 4517061.437385287, 14148239.866050515 4517052.31537441)",2
영화사로9가길,"LINESTRING (14148109.191200295 4516997.873902246, 14148106.444005463 4516978.293375771)",2
영화사로9나길,"LINESTRING (14148239.866050515 4517052.31537441, 14148253.185358228 4517061.437385287, 14148239.719354633 4517086.573349262)",2
긴고랑로46길,"LINESTRING (14148171.026618207 4517251.283640252, 14148172.334012063 4517253.074135249)",2
광장로1다길,"LINESTRING (14148915.0576999 4516115.381947137, 14148913.710688798 4516117.263033593, 14148903.513823442 4516132.006107689, 14148873.89233728 4516141.780343003)",2
광장로1다길,"LINESTRING (14149000.806684123 4515930.618479242, 14148994.873729536 4515949.024967422, 14148982.590540452 4515989.110657214)",2
용마산로28길,"LINESTRING (14147386.329840627 4518513.661584014, 14147371.156504877 4518518.818614344)",2
용마산로28길,"LINESTRING (14147477.441229826 4518477.424524485, 14147518.799545513 4518464.76248895)",2
용마산로28길,"LINESTRING (14147417.643524231 4518503.018860572, 14147421.584234204 4518501.670616022, 14147461.091521489 4518482.4300616905, 14147477.441229826 4518477.424524485)",2
긴고랑로46길,"LINESTRING (14148186.193288667 4517336.585437118, 14148183.474054066 4517377.91087955)",2
용마산로28가길,"LINESTRING (14147255.01688013 4518589.896735119, 14147350.882457199 4518593.101561285)",2
긴고랑로46길,"LINESTRING (14148250.224259771 4517472.743850255, 14148267.311801609 4517473.614505876)",2
긴고랑로46길,"LINESTRING (14148250.224259771 4517472.743850255, 14148238.068439707 4517472.090906506)",2
긴고랑로46길,"LINESTRING (14148238.068439707 4517472.090906506, 14148215.192016019 4517470.862110937)",2
긴고랑로46길,"LINESTRING (14148238.068439707 4517472.090906506, 14148250.224259771 4517472.743850255)",2
긴고랑로46길,"LINESTRING (14148215.192016019 4517470.862110937, 14148238.068439707 4517472.090906506)",2
긴고랑로46길,"LINESTRING (14148215.192016019 4517470.862110937, 14148177.488104487 4517468.882072168)",2
긴고랑로46길,"LINESTRING (14148183.474054066 4517377.91087955, 14148177.488104487 4517468.882072168)",2
용마산로28다길,"LINESTRING (14147417.643524231 4518503.018860572, 14147441.05709822 4518513.902313246)",2
긴고랑로46길,"LINESTRING (14148186.193288667 4517336.585437118, 14148190.089470847 4517277.409880479, 14148172.334012063 4517253.074135249)",2
긴고랑로44길,"LINESTRING (14148145.76204961 4517333.383713578, 14148142.354498778 4517377.733043953)",2
긴고랑로44길,"LINESTRING (14148142.354498778 4517377.733043953, 14148135.375941122 4517468.559087157)",2
긴고랑로44길,"LINESTRING (14148145.76204961 4517333.383713578, 14148148.778807813 4517294.0503389705, 14148136.83422645 4517270.163916951, 14148122.61853405 4517251.074289702)",2
자양로44길,"LINESTRING (14148253.574976444 4516301.524870112, 14148242.990839439 4516322.511255287)",2
자양로44길,"LINESTRING (14148253.574976444 4516301.524870112, 14148304.721303146 4516239.328111026)",2
자양로44길,"LINESTRING (14148253.574976444 4516301.524870112, 14148243.122990547 4516291.643891633)",2
용마산로28가길,"LINESTRING (14147350.882457199 4518593.101561285, 14147367.605413118 4518593.660616665)",2
용마산로28가길,"LINESTRING (14147248.658264732 4518639.643210186, 14147244.831146723 4518669.584576154)",2
용마산로28가길,"LINESTRING (14147255.01688013 4518589.896735119, 14147248.658264732 4518639.643210186)",2
용마산로28가길,"LINESTRING (14147255.01688013 4518589.896735119, 14147259.914937725 4518551.569824383)",2
용마산로28다길,"LINESTRING (14147441.05709822 4518513.902313246, 14147442.267395595 4518514.464902035, 14147450.53843376 4518518.607950803)",2
용마산로28다길,"LINESTRING (14147441.05709822 4518513.902313246, 14147417.643524231 4518503.018860572)",2
용마산로28다길,"LINESTRING (14147450.53843376 4518518.607950803, 14147442.267395595 4518514.464902035, 14147441.05709822 4518513.902313246)",2
용마산로28다길,"LINESTRING (14147477.204599788 4518531.751435244, 14147486.784059964 4518536.331791519, 14147515.549016384 4518540.671468665, 14147548.644300995 4518544.014004392, 14147569.516705522 4518552.847853953)",2
용마산로28다길,"LINESTRING (14147450.53843376 4518518.607950803, 14147468.66124686 4518527.666486879, 14147477.204599788 4518531.751435244)",2
용마산로28다길,"LINESTRING (14147477.303308096 4518509.0897395825, 14147485.60407336 4518512.3020907855, 14147489.39067604 4518514.11477202)",2
용마산로28다길,"LINESTRING (14147453.678959815 4518513.957833132, 14147461.180577079 4518502.850329995, 14147477.303308096 4518509.0897395825)",2
용마산로28다길,"LINESTRING (14147489.39067604 4518514.11477202, 14147494.376049234 4518516.501315631, 14147504.127636628 4518521.164002049, 14147517.018433662 4518521.725771637, 14147526.781153005 4518522.147098849, 14147539.382519362 4518521.9504794795, 14147568.704073237 4518531.62696558)",2
용마산로28다길,"LINESTRING (14147450.53843376 4518518.607950803, 14147453.678959815 4518513.957833132)",2
용마산로28다길,"LINESTRING (14147489.39067604 4518514.11477202, 14147485.60407336 4518512.3020907855, 14147477.303308096 4518509.0897395825)",2
용마산로28다길,"LINESTRING (14147477.303308096 4518509.0897395825, 14147461.180577079 4518502.850329995, 14147453.678959815 4518513.957833132)",2
용마산로28다길,"LINESTRING (14147568.704073237 4518531.62696558, 14147539.382519362 4518521.9504794795, 14147526.781153005 4518522.147098849, 14147517.018433662 4518521.725771637, 14147504.127636628 4518521.164002049, 14147494.376049234 4518516.501315631, 14147489.39067604 4518514.11477202)",2
용마산로28다길,"LINESTRING (14147453.678959815 4518513.957833132, 14147450.53843376 4518518.607950803)",2
용마산로28가길,"LINESTRING (14147367.605413118 4518593.660616665, 14147350.882457199 4518593.101561285)",2
용마산로28가길,"LINESTRING (14147350.882457199 4518593.101561285, 14147255.01688013 4518589.896735119)",2
영화사로,"LINESTRING (14148417.71556562 4516544.048327993, 14148455.330421558 4516597.743489468, 14148424.738161765 4516619.5334329195)",2
자양로52길,"LINESTRING (14147990.186106287 4516496.556932992, 14147998.422848834 4516491.127211043)",2
자양로44길,"LINESTRING (14148225.22190214 4516024.466389715, 14148244.23966146 4516030.806599809)",2
긴고랑로46길,"LINESTRING (14148177.488104487 4517468.882072168, 14148215.192016019 4517470.862110937)",2
영화사로7길,"LINESTRING (14147923.735325225 4517038.323817943, 14147896.70695286 4517022.989693297)",2
영화사로7길,"LINESTRING (14147923.735325225 4517038.323817943, 14147947.70055149 4516997.173107311)",2
영화사로7길,"LINESTRING (14147923.735325225 4517038.323817943, 14147957.687769914 4517057.561716725, 14147987.543657348 4517093.397663363)",2
영화사로9길,"LINESTRING (14147988.160687502 4516966.958702932, 14148006.779665357 4516970.359553623)",2
영화사로7길,"LINESTRING (14147947.70055149 4516997.173107311, 14147923.735325225 4517038.323817943)",2
영화사로3가길,"LINESTRING (14148020.941493528 4516997.491205801, 14148022.609296946 4516992.700650483)",2
영화사로3가길,"LINESTRING (14147987.617143575 4517093.186686299, 14147987.543657348 4517093.397663363)",2
긴고랑로46길,"LINESTRING (14148177.488104487 4517468.882072168, 14148135.375941122 4517468.559087157)",2
영화사로7길,"LINESTRING (14147896.70695286 4517022.989693297, 14147912.012312112 4516997.017912932)",2
긴고랑로46길,"LINESTRING (14148183.474054066 4517377.91087955, 14148186.193288667 4517336.585437118)",2
긴고랑로46길,"LINESTRING (14148177.488104487 4517468.882072168, 14148183.474054066 4517377.91087955)",2
긴고랑로46길,"LINESTRING (14148267.311801609 4517473.614505876, 14148250.224259771 4517472.743850255)",2
영화사로9길,"LINESTRING (14148172.334012063 4517253.074135249, 14148172.893421039 4517251.291713619)",2
긴고랑로46길,"LINESTRING (14148172.334012063 4517253.074135249, 14148171.026618207 4517251.283640252)",2
긴고랑로46길,"LINESTRING (14148172.334012063 4517253.074135249, 14148190.089470847 4517277.409880479, 14148186.193288667 4517336.585437118)",2
용마산로28가길,"LINESTRING (14147248.658264732 4518639.643210186, 14147255.01688013 4518589.896735119)",2
영화사로7길,"LINESTRING (14147912.012312112 4516997.017912932, 14147896.70695286 4517022.989693297)",2
영화사로7길,"LINESTRING (14147896.70695286 4517022.989693297, 14147861.968339328 4517003.300635023)",2
자양로52길,"LINESTRING (14147998.422848834 4516491.127211043, 14148030.546376642 4516469.951142589)",2
자양로52길,"LINESTRING (14148100.243509825 4516405.458794857, 14148116.583562352 4516410.921164805)",2
자양로52길,"LINESTRING (14148057.318714175 4516445.181990113, 14148030.546376642 4516469.951142589)",2
자양로54길,"LINESTRING (14148134.385197653 4516563.425734199, 14148160.033208331 4516533.559268733)",2
자양로54길,"LINESTRING (14148115.836060459 4516585.023457208, 14148109.060013497 4516592.913160317)",2
자양로54길,"LINESTRING (14148134.385197653 4516563.425734199, 14148115.836060459 4516585.023457208)",2
자양로52길,"LINESTRING (14148087.515724892 4516491.513513833, 14148057.318714175 4516445.181990113)",2
자양로52길,"LINESTRING (14148116.049578568 4516535.293241927, 14148087.515724892 4516491.513513833)",2
자양로52길,"LINESTRING (14148134.385197653 4516563.425734199, 14148116.049578568 4516535.293241927)",2
자양로52길,"LINESTRING (14148116.583562352 4516410.921164805, 14148189.332498308 4516435.240646083)",2
영화사로7길,"LINESTRING (14147896.70695286 4517022.989693297, 14147923.735325225 4517038.323817943)",2
자양로52길,"LINESTRING (14148100.243509825 4516405.458794857, 14148115.817106588 4516384.3265095875)",2
자양로52길,"LINESTRING (14148100.243509825 4516405.458794857, 14148086.02801085 4516418.615594685)",2
자양로52길,"LINESTRING (14148116.583562352 4516410.921164805, 14148100.243509825 4516405.458794857)",2
자양로52길,"LINESTRING (14148189.332498308 4516435.240646083, 14148116.583562352 4516410.921164805)",2
자양로54길,"LINESTRING (14148189.332498308 4516435.240646083, 14148196.557133261 4516412.633952584)",2
자양로54길,"LINESTRING (14148189.332498308 4516435.240646083, 14148178.634695243 4516468.757616323, 14148180.793991271 4516491.917183511)",2
자양로54길,"LINESTRING (14148180.793991271 4516491.917183511, 14148182.263710642 4516507.680684226)",2
용마산로28가길,"LINESTRING (14147244.831146723 4518669.584576154, 14147248.658264732 4518639.643210186)",2
용마산로28길,"LINESTRING (14147239.142720744 4518485.393385636, 14147247.824236171 4518513.051087)",2
용마산로28길,"LINESTRING (14147247.824236171 4518513.051087, 14147259.914937725 4518551.569824383)",2
용마산로8가길,"LINESTRING (14147353.983263915 4517883.11002794, 14147406.689686337 4517891.692044998)",2
용마산로14길,"LINESTRING (14147378.935964262 4517627.552213758, 14147373.282707147 4517664.331961344)",2
용마산로14길,"LINESTRING (14147379.79489736 4517621.96404717, 14147378.935964262 4517627.552213758)",2
용마산로16길,"LINESTRING (14147359.74625707 4517752.466760046, 14147368.079666218 4517754.082339244)",2
용마산로16길,"LINESTRING (14147359.74625707 4517752.466760046, 14147354.557010239 4517751.725050689)",2
용마산로14길,"LINESTRING (14147359.74625707 4517752.466760046, 14147366.826176682 4517706.320882149)",2
용마산로16길,"LINESTRING (14147359.74625707 4517752.466760046, 14147359.503819237 4517754.044623929)",2
용마산로16길,"LINESTRING (14147359.503819237 4517754.044623929, 14147359.74625707 4517752.466760046)",2
용마산로8가길,"LINESTRING (14147436.400858428 4517694.440387797, 14147427.380389387 4517754.343135112)",2
용마산로26길,"LINESTRING (14147239.142720744 4518485.393385636, 14147236.53784466 4518474.481054682, 14147225.35105096 4518473.572117657)",2
용마산로8가길,"LINESTRING (14147436.400858428 4517694.440387797, 14147476.731909946 4517700.591280351)",2
용마산로8가길,"LINESTRING (14147436.400858428 4517694.440387797, 14147443.235875163 4517649.081177645, 14147445.796223454 4517632.089078344)",2
용마산로8가길,"LINESTRING (14147520.235566944 4517694.229740856, 14147517.241072644 4517706.770262815, 14147480.821790017 4517701.215121862)",2
용마산로8가길,"LINESTRING (14147480.821790017 4517701.215121862, 14147476.731909946 4517700.591280351)",2
자양로46길,"LINESTRING (14147865.409600768 4516206.263926048, 14147991.69879757 4516145.197954608)",2
자양로48길,"LINESTRING (14147933.121443026 4516237.719279771, 14147950.663510047 4516227.246866812, 14147976.200201236 4516232.315727023)",2
자양로48길,"LINESTRING (14147865.098486882 4516278.328204965, 14147933.121443026 4516237.719279771)",2
용마산로12길,"LINESTRING (14147379.79489736 4517621.96404717, 14147386.35161537 4517579.259273159)",2
용마산로14길,"LINESTRING (14147379.79489736 4517621.96404717, 14147355.137188636 4517618.862543251)",2
용마산로14길,"LINESTRING (14147379.79489736 4517621.96404717, 14147417.322513442 4517627.721026692)",2
용마산로14길,"LINESTRING (14147417.322513442 4517627.721026692, 14147445.796223454 4517632.089078344)",2
용마산로26길,"LINESTRING (14147239.142720744 4518485.393385636, 14147264.089418631 4518478.638131798, 14147264.089418631 4518471.882882324, 14147296.327543162 4518464.088369119)",2
용마산로32길,"LINESTRING (14147242.88122251 4518766.207684173, 14147242.905319532 4518764.84843687)",2
용마산로32길,"LINESTRING (14147242.905319532 4518764.84843687, 14147224.07622581 4518764.641051771)",2
용마산로32길,"LINESTRING (14147350.131192723 4518765.09957023, 14147374.830048071 4518765.1574173365)",2
용마산로32길,"LINESTRING (14147242.905319532 4518764.84843687, 14147350.131192723 4518765.09957023)",2
용마산로32길,"LINESTRING (14147242.905319532 4518764.84843687, 14147242.88122251 4518766.207684173)",2
용마산로8가길,"LINESTRING (14147395.123591242 4517968.523737452, 14147400.667301884 4517931.67366503, 14147406.689686337 4517891.692044998)",2
용마산로10길,"LINESTRING (14147393.420403033 4517533.240545411, 14147355.894602688 4517528.044668817)",2
긴고랑로35길,"LINESTRING (14147398.364237785 4517501.0612931065, 14147413.001501465 4517405.787841515)",2
긴고랑로35길,"LINESTRING (14147393.420403033 4517533.240545411, 14147398.364237785 4517501.0612931065)",2
용마산로10길,"LINESTRING (14147393.420403033 4517533.240545411, 14147392.74135414 4517537.635978164)",2
용마산로12길,"LINESTRING (14147386.35161537 4517579.259273159, 14147452.419733156 4517588.134437099)",2
용마산로12길,"LINESTRING (14147386.35161537 4517579.259273159, 14147355.325918376 4517575.641576195)",2
용마산로10길,"LINESTRING (14147386.35161537 4517579.259273159, 14147392.74135414 4517537.635978164)",2
용마산로12길,"LINESTRING (14147386.35161537 4517579.259273159, 14147379.79489736 4517621.96404717)",2
자양로52길,"LINESTRING (14148057.318714175 4516445.181990113, 14148086.02801085 4516418.615594685)",2
영화사로15길,"LINESTRING (14148130.232980646 4516861.47722878, 14148155.70288014 4516827.692203283)",2
자양로44다길,"LINESTRING (14148225.22190214 4516024.466389715, 14148212.242049513 4516103.23607095, 14148214.378288958 4516112.378440189)",2
용마산로36길,"LINESTRING (14147447.065265646 4518767.320280865, 14147417.944086855 4518869.733785223)",2
용마산로28길,"LINESTRING (14147351.188522331 4518523.027915208, 14147371.156504877 4518518.818614344)",2
용마산로28길,"LINESTRING (14147259.914937725 4518551.569824383, 14147247.824236171 4518513.051087)",2
용마산로28길,"LINESTRING (14147247.824236171 4518513.051087, 14147239.142720744 4518485.393385636)",2
뚝섬로22길,"LINESTRING (14144347.794078024 4513815.8416335685, 14144351.788186295 4513817.163667737)",2
용마산로28가길,"LINESTRING (14147259.914937725 4518551.569824383, 14147255.01688013 4518589.896735119)",2
용마산로28길,"LINESTRING (14147259.914937725 4518551.569824383, 14147224.956494102 4518563.659753404)",2
용마산로26길,"LINESTRING (14147225.35105096 4518473.572117657, 14147236.53784466 4518474.481054682, 14147239.142720744 4518485.393385636)",2
용마산로34길,"LINESTRING (14147349.688098058 4518866.539579853, 14147375.598152557 4518866.08216196)",2
용마산로36길,"LINESTRING (14147447.065265646 4518767.320280865, 14147447.125007035 4518767.107448987)",2
용마산로36길,"MULTILINESTRING ((14147447.125007035 4518767.107448987, 14147476.6374042 4518661.967964735), (14147476.638558596 4518661.702946048, 14147472.011963535 4518653.461573078))",2
용마산로36길,"LINESTRING (14147476.6374042 4518661.967964735, 14147476.687382147 4518661.789915641, 14147476.638558596 4518661.702946048)",2
용마산로32길,"LINESTRING (14147447.065265646 4518767.320280865, 14147438.722666485 4518767.070487148)",2
용마산로14길,"LINESTRING (14147366.826176682 4517706.320882149, 14147359.74625707 4517752.466760046)",2
용마산로32길,"LINESTRING (14147438.722666485 4518767.070487148, 14147374.830048071 4518765.1574173365)",2
용마산로36길,"LINESTRING (14147447.125007035 4518767.107448987, 14147447.065265646 4518767.320280865)",2
용마산로36길,"MULTILINESTRING ((14147472.011963535 4518653.461573078, 14147476.638558596 4518661.702946048), (14147476.6374042 4518661.967964735, 14147447.125007035 4518767.107448987))",2
용마산로36길,"LINESTRING (14147476.638558596 4518661.702946048, 14147476.687382147 4518661.789915641, 14147476.6374042 4518661.967964735)",2
용마산로32길,"LINESTRING (14147375.598152557 4518866.08216196, 14147374.842469145 4518766.789478598)",2
용마산로32길,"LINESTRING (14147374.842469145 4518766.789478598, 14147374.830048071 4518765.1574173365)",2
용마산로34길,"LINESTRING (14147375.598152557 4518866.08216196, 14147349.688098058 4518866.539579853)",2
용마산로34길,"LINESTRING (14147375.598152557 4518866.08216196, 14147417.944086855 4518869.733785223)",2
뚝섬로22길,"LINESTRING (14144347.794078024 4513815.8416335685, 14144346.483488584 4513815.407833605)",2
자양로44길,"LINESTRING (14148225.22190214 4516024.466389715, 14148151.172176862 4516010.144693188)",2
용마산로28다길,"LINESTRING (14147477.204599788 4518531.751435244, 14147468.66124686 4518527.666486879, 14147450.53843376 4518518.607950803)",2
용마산로28길,"LINESTRING (14147259.914937725 4518551.569824383, 14147331.649217594 4518527.146849713, 14147351.188522331 4518523.027915208)",2
용마산로28길,"LINESTRING (14147518.799545513 4518464.76248895, 14147556.169498574 4518456.701142144, 14147564.151106061 4518479.396517666)",2
용마산로28길,"LINESTRING (14147518.799545513 4518464.76248895, 14147477.441229826 4518477.424524485)",2
용마산로28길,"LINESTRING (14147477.441229826 4518477.424524485, 14147461.091521489 4518482.4300616905, 14147421.584234204 4518501.670616022, 14147417.643524231 4518503.018860572)",2
용마산로10길,"LINESTRING (14147355.533973988 4517527.9947942905, 14147355.894602688 4517528.044668817)",2
용마산로14길,"LINESTRING (14147355.137188636 4517618.862543251, 14147379.79489736 4517621.96404717)",2
용마산로8가길,"LINESTRING (14147408.324094389 4517880.838714556, 14147406.689686337 4517891.692044998)",2
용마산로8가길,"LINESTRING (14147406.689686337 4517891.692044998, 14147400.667301884 4517931.67366503, 14147395.123591242 4517968.523737452)",2
용마산로8가길,"LINESTRING (14147406.689686337 4517891.692044998, 14147408.324094389 4517880.838714556)",2
용마산로8가길,"LINESTRING (14147406.689686337 4517891.692044998, 14147353.983263915 4517883.11002794)",2
용마산로8가길,"LINESTRING (14147445.796223454 4517632.089078344, 14147443.235875163 4517649.081177645, 14147436.400858428 4517694.440387797)",2
용마산로8가길,"LINESTRING (14147446.435151009 4517627.849055646, 14147452.419733156 4517588.134437099)",2
용마산로8가길,"LINESTRING (14147445.796223454 4517632.089078344, 14147446.435151009 4517627.849055646)",2
용마산로8가길,"LINESTRING (14147454.422700264 4517627.884182576, 14147481.19796322 4517614.832830052)",2
용마산로8가길,"LINESTRING (14147445.796223454 4517632.089078344, 14147454.422700264 4517627.884182576)",2
용마산로14길,"LINESTRING (14147417.322513442 4517627.721026692, 14147379.79489736 4517621.96404717)",2
용마산로14길,"LINESTRING (14147445.796223454 4517632.089078344, 14147417.322513442 4517627.721026692)",2
용마산로8가길,"LINESTRING (14147427.380389387 4517754.343135112, 14147436.400858428 4517694.440387797)",2
용마산로16길,"LINESTRING (14147368.079666218 4517754.082339244, 14147359.74625707 4517752.466760046)",2
용마산로28길,"LINESTRING (14147351.188522331 4518523.027915208, 14147331.649217594 4518527.146849713, 14147259.914937725 4518551.569824383)",2
용마산로28길,"LINESTRING (14147371.156504877 4518518.818614344, 14147351.188522331 4518523.027915208)",2
용마산로28길,"LINESTRING (14147371.156504877 4518518.818614344, 14147386.329840627 4518513.661584014)",2
용마산로28길,"LINESTRING (14147386.329840627 4518513.661584014, 14147417.643524231 4518503.018860572)",2
용마산로16길,"LINESTRING (14147354.557010239 4517751.725050689, 14147359.74625707 4517752.466760046)",2
용마산로28길,"LINESTRING (14147224.956494102 4518563.659753404, 14147259.914937725 4518551.569824383)",2
뚝섬로22길,"LINESTRING (14144346.483488584 4513815.407833605, 14144347.794078024 4513815.8416335685)",2
용마산로26길,"LINESTRING (14147296.327543162 4518464.088369119, 14147264.089418631 4518471.882882324, 14147264.089418631 4518478.638131798, 14147239.142720744 4518485.393385636)",2
용마산로28다길,"LINESTRING (14147569.516705522 4518552.847853953, 14147548.644300995 4518544.014004392, 14147515.549016384 4518540.671468665, 14147486.784059964 4518536.331791519, 14147477.204599788 4518531.751435244)",2
뚝섬로22길,"LINESTRING (14144351.788186295 4513817.163667737, 14144347.794078024 4513815.8416335685)",2
능동로3다길,"LINESTRING (14144726.483385643 4513664.830773146, 14144717.255316565 4513656.429533126, 14144671.73677678 4513613.193468075, 14144668.196816973 4513609.712130345)",2
천호대로137길,"LINESTRING (14147991.81335733 4516118.587713073, 14147988.75718339 4516111.401381905)",2
자양로50가길,"LINESTRING (14147990.5874815 4516403.330704872, 14148030.546376642 4516469.951142589)",2
천호대로137길,"LINESTRING (14147950.663510047 4516336.768492773, 14147974.834797539 4516237.900639788)",2
천호대로137길,"LINESTRING (14147974.834797539 4516237.900639788, 14147976.200201236 4516232.315727023)",2
자양로54길,"LINESTRING (14148060.179625088 4516640.8935926985, 14148083.441320471 4516618.060177525)",2
자양로54길,"LINESTRING (14148083.441320471 4516618.060177525, 14148109.060013497 4516592.913160317)",2
영화사로9가길,"LINESTRING (14147988.67312453 4516847.951028962, 14148020.360643232 4516867.178287065)",2
영화사로15길,"LINESTRING (14148032.472203832 4516686.739894731, 14148112.677629717 4516744.752794759)",2
영화사로15길,"LINESTRING (14148115.142584762 4516746.53570644, 14148116.551815229 4516747.55500838)",2
영화사로15길,"LINESTRING (14148112.677629717 4516744.752794759, 14148115.142584762 4516746.53570644)",2
영화사로9가길,"LINESTRING (14148019.868452752 4516870.917696519, 14148020.360643232 4516867.178287065)",2
영화사로9가길,"LINESTRING (14148006.779665357 4516970.359553623, 14148019.868452752 4516870.917696519)",2
영화사로9길,"LINESTRING (14148006.779665357 4516970.359553623, 14147988.160687502 4516966.958702932)",2
영화사로9길,"LINESTRING (14148006.779665357 4516970.359553623, 14148022.609296946 4516992.700650483)",2
영화사로13길,"LINESTRING (14147994.40093798 4516708.209794051, 14148043.025173254 4516744.4507652)",2
영화사로13길,"LINESTRING (14148043.025173254 4516744.4507652, 14148091.237763021 4516780.384925704)",2
자양로50길,"LINESTRING (14148374.07216082 4516492.751227498, 14148411.225639308 4516536.22716768)",2
자양로50길,"LINESTRING (14148242.552878363 4516424.806643458, 14148337.476476656 4516449.928002317, 14148368.320466915 4516486.020759442)",2
자양로54길,"LINESTRING (14148196.557133261 4516412.633952584, 14148189.332498308 4516435.240646083)",2
자양로44길,"LINESTRING (14148196.557133261 4516412.633952584, 14148221.28140439 4516365.52941407)",2
"영화사로, 워커힐로","LINESTRING (14148519.682046697 4516493.376995586, 14148591.863777015 4516453.817487296, 14148620.589185208 4516436.705536901)",2
"영화사로, 워커힐로","LINESTRING (14148411.225639308 4516536.22716768, 14148447.649376694 4516520.992069673, 14148494.260739671 4516507.019510719)",2
자양로50길,"LINESTRING (14148411.225639308 4516536.22716768, 14148374.07216082 4516492.751227498)",2
자양로50길,"LINESTRING (14148368.320466915 4516486.020759442, 14148337.476476656 4516449.928002317, 14148242.552878363 4516424.806643458)",2
자양로50가길,"LINESTRING (14147950.663510047 4516336.768492773, 14147967.254251566 4516364.428978832)",2
천호대로137길,"LINESTRING (14147991.566599153 4516175.905348965, 14147976.200201236 4516232.315727023)",2
용마산로32길,"LINESTRING (14147374.842469145 4518766.789478598, 14147375.598152557 4518866.08216196)",2
자양로46길,"LINESTRING (14147991.69879757 4516145.197954608, 14147865.409600768 4516206.263926048)",2
용마산로32길,"LINESTRING (14147374.830048071 4518765.1574173365, 14147374.842469145 4518766.789478598)",2
용마산로32길,"LINESTRING (14147438.722666485 4518767.070487148, 14147447.065265646 4518767.320280865)",2
용마산로32길,"LINESTRING (14147374.830048071 4518765.1574173365, 14147438.722666485 4518767.070487148)",2
용마산로32길,"LINESTRING (14147350.131192723 4518765.09957023, 14147242.905319532 4518764.84843687)",2
용마산로32길,"LINESTRING (14147374.830048071 4518765.1574173365, 14147350.131192723 4518765.09957023)",2
용마산로28길,"LINESTRING (14147564.151106061 4518479.396517666, 14147556.169498574 4518456.701142144, 14147518.799545513 4518464.76248895)",2
용마산로32길,"LINESTRING (14147224.07622581 4518764.641051771, 14147242.905319532 4518764.84843687)",2
용마산로36길,"LINESTRING (14147417.944086855 4518869.733785223, 14147447.065265646 4518767.320280865)",2
용마산로34길,"LINESTRING (14147417.944086855 4518869.733785223, 14147375.598152557 4518866.08216196)",2
용마산로8길,"LINESTRING (14147356.086056072 4517401.559328138, 14147373.2938391 4517402.824823343)",2
긴고랑로35길,"LINESTRING (14147398.364237785 4517501.0612931065, 14147393.420403033 4517533.240545411)",2
긴고랑로35길,"LINESTRING (14147413.001501465 4517405.787841515, 14147398.364237785 4517501.0612931065)",2
긴고랑로35길,"LINESTRING (14147413.001501465 4517405.787841515, 14147417.795218274 4517374.571890837)",2
용마산로8길,"LINESTRING (14147413.001501465 4517405.787841515, 14147373.2938391 4517402.824823343)",2
용마산로8길,"LINESTRING (14147413.001501465 4517405.787841515, 14147480.539036531 4517401.434592359)",2
용마산로8마길,"LINESTRING (14147687.070087796 4517708.174577521, 14147695.229806472 4517671.437766864, 14147702.52123312 4517665.553710172, 14147705.081581408 4517640.978330157, 14147687.15914339 4517635.599840401, 14147688.874054981 4517628.911730311)",2
용마산로8마길,"LINESTRING (14147688.874054981 4517628.911730311, 14147687.15914339 4517635.599840401, 14147705.081581408 4517640.978330157, 14147702.52123312 4517665.553710172, 14147695.229806472 4517671.437766864, 14147687.070087796 4517708.174577521)",2
용마산로8나길,"LINESTRING (14147453.121045945 4517583.472166495, 14147481.38279712 4517572.387442991)",2
용마산로8가길,"LINESTRING (14147453.121045945 4517583.472166495, 14147452.419733156 4517588.134437099)",2
용마산로8가길,"LINESTRING (14147453.121045945 4517583.472166495, 14147458.75381218 4517546.019604223)",2
용마산로8가길,"LINESTRING (14147480.539036531 4517401.434592359, 14147467.692767292 4517484.385364461)",2
용마산로8길,"LINESTRING (14147480.539036531 4517401.434592359, 14147413.001501465 4517405.787841515)",2
용마산로8길,"LINESTRING (14147480.539036531 4517401.434592359, 14147482.127151076 4517401.450216604)",2
용마산로14길,"LINESTRING (14147366.826176682 4517706.320882149, 14147373.282707147 4517664.331961344)",2
능동로3다길,"LINESTRING (14144668.196816973 4513609.712130345, 14144671.73677678 4513613.193468075, 14144717.255316565 4513656.429533126, 14144726.483385643 4513664.830773146)",2
긴고랑로35길,"LINESTRING (14147417.795218274 4517374.571890837, 14147413.001501465 4517405.787841515)",2
용마산로8가길,"LINESTRING (14147465.29018661 4517501.355604525, 14147462.193584446 4517523.227953092)",2
긴고랑로41길,"LINESTRING (14147893.723590506 4517339.365882041, 14147883.270690322 4517280.625629467)",2
용마산로8길,"LINESTRING (14147893.723590506 4517339.365882041, 14147861.329618685 4517347.805519892)",2
긴고랑로42길,"LINESTRING (14147933.887662785 4517295.566939036, 14147934.87840625 4517266.709447734)",2
긴고랑로39길,"LINESTRING (14147986.525444413 4517346.701151742, 14147975.28738141 4517348.971061096, 14147946.52242499 4517354.489830242, 14147906.336088814 4517373.405328259)",2
긴고랑로39길,"LINESTRING (14148047.24430026 4517334.436912002, 14147986.525444413 4517346.701151742)",2
긴고랑로39길,"LINESTRING (14147906.336088814 4517373.405328259, 14147946.52242499 4517354.489830242, 14147975.28738141 4517348.971061096, 14147986.525444413 4517346.701151742)",2
긴고랑로39길,"LINESTRING (14147986.525444413 4517346.701151742, 14148047.24430026 4517334.436912002)",2
긴고랑로41길,"LINESTRING (14147906.336088814 4517373.405328259, 14147893.723590506 4517339.365882041)",2
긴고랑로39길,"LINESTRING (14147900.747120371 4517376.684533222, 14147860.253382709 4517400.443347901)",2
긴고랑로39길,"LINESTRING (14147906.336088814 4517373.405328259, 14147900.747120371 4517376.684533222)",2
긴고랑로37길,"LINESTRING (14147481.79155356 4517478.519579447, 14147467.692767292 4517484.385364461)",2
용마산로8가길,"LINESTRING (14147467.692767292 4517484.385364461, 14147480.539036531 4517401.434592359)",2
용마산로8다길,"LINESTRING (14147556.25169866 4517628.331088347, 14147519.300483223 4517645.191248346)",2
긴고랑로37길,"LINESTRING (14147467.692767292 4517484.385364461, 14147481.79155356 4517478.519579447)",2
용마산로8가길,"LINESTRING (14147481.627874717 4517516.107651161, 14147462.193584446 4517523.227953092)",2
용마산로8가길,"LINESTRING (14147462.193584446 4517523.227953092, 14147458.75381218 4517546.019604223)",2
용마산로8가길,"LINESTRING (14147462.193584446 4517523.227953092, 14147465.29018661 4517501.355604525)",2
용마산로8가길,"LINESTRING (14147465.29018661 4517501.355604525, 14147467.692767292 4517484.385364461)",2
용마산로8가길,"LINESTRING (14147462.193584446 4517523.227953092, 14147481.627874717 4517516.107651161)",2
용마산로8가길,"LINESTRING (14147481.19796322 4517614.832830052, 14147454.422700264 4517627.884182576)",2
용마산로8가길,"LINESTRING (14147454.422700264 4517627.884182576, 14147445.796223454 4517632.089078344)",2
용마산로8다길,"LINESTRING (14147511.556897959 4517628.135074266, 14147519.300483223 4517645.191248346)",2
용마산로8라길,"LINESTRING (14147644.246738514 4517628.716552089, 14147639.269498449 4517652.49364389)",2
용마산로8다길,"MULTILINESTRING ((14147596.42751527 4517628.507283915, 14147597.93657152 4517631.962690934, 14147601.843885647 4517629.884320375, 14147607.123546893 4517641.912580366), (14147607.074390776 4517653.2316387985, 14147538.414039794 4517687.292437294, 14147519.300483223 4517645.191248346))",2
긴고랑로41길,"LINESTRING (14147893.723590506 4517339.365882041, 14147906.336088814 4517373.405328259)",2
용마산로8길,"LINESTRING (14147861.329618685 4517347.805519892, 14147893.723590506 4517339.365882041)",2
용마산로8길,"LINESTRING (14147861.329618685 4517347.805519892, 14147860.48000998 4517347.96417918)",2
"용마산로8길, 긴고랑로39길","LINESTRING (14147861.329618685 4517347.805519892, 14147867.251815595 4517364.993755134, 14147860.39199592 4517368.345545305)",2
자양로44길,"LINESTRING (14148118.25745042 4516021.0241579255, 14148050.906711508 4516057.715266632)",2
자양로44길,"LINESTRING (14148151.172176862 4516010.144693188, 14148140.418714054 4516008.951219362, 14148118.25745042 4516021.0241579255)",2
자양로44나길,"LINESTRING (14148151.172176862 4516010.144693188, 14148134.520038305 4516112.033177737)",2
자양로44길,"LINESTRING (14148151.172176862 4516010.144693188, 14148225.22190214 4516024.466389715)",2
자양로44길,"LINESTRING (14147991.937112596 4516089.84081237, 14148050.906711508 4516057.715266632)",2
긴고랑로44길,"LINESTRING (14148135.375941122 4517468.559087157, 14148142.354498778 4517377.733043953)",2
천호대로137길,"LINESTRING (14147988.75718339 4516111.401381905, 14147991.81335733 4516118.587713073)",2
긴고랑로40길,"LINESTRING (14147861.794730807 4517123.369888151, 14147883.181634728 4517104.996628496)",2
영화사로5길,"LINESTRING (14147883.181634728 4517104.996628496, 14147861.635868719 4517080.295687366)",2
영화사로5길,"LINESTRING (14147883.181634728 4517104.996628496, 14147899.353367912 4517123.533221461)",2
긴고랑로40길,"LINESTRING (14147883.181634728 4517104.996628496, 14147861.794730807 4517123.369888151)",2
영화사로5길,"LINESTRING (14147899.353367912 4517123.533221461, 14147883.181634728 4517104.996628496)",2
영화사로3가길,"LINESTRING (14147954.070779312 4517123.771174075, 14147987.543657348 4517093.397663363)",2
영화사로5길,"LINESTRING (14147861.635868719 4517080.295687366, 14147883.181634728 4517104.996628496)",2
영화사로3가길,"LINESTRING (14148022.609296946 4516992.700650483, 14148020.941493528 4516997.491205801)",2
영화사로9길,"LINESTRING (14148022.609296946 4516992.700650483, 14148006.779665357 4516970.359553623)",2
영화사로9길,"LINESTRING (14148022.609296946 4516992.700650483, 14148025.927369924 4516997.512827144)",2
영화사로7길,"LINESTRING (14147987.543657348 4517093.397663363, 14147957.687769914 4517057.561716725, 14147923.735325225 4517038.323817943)",2
영화사로3가길,"LINESTRING (14147987.543657348 4517093.397663363, 14147954.070779312 4517123.771174075)",2
영화사로3가길,"LINESTRING (14147987.543657348 4517093.397663363, 14147987.617143575 4517093.186686299)",2
영화사로7길,"LINESTRING (14147987.543657348 4517093.397663363, 14147987.615887458 4517093.478394129)",2
용마산로8길,"LINESTRING (14147482.127151076 4517401.450216604, 14147480.539036531 4517401.434592359)",2
용마산로8길,"LINESTRING (14147860.48000998 4517347.96417918, 14147861.329618685 4517347.805519892)",2
용마산로8다길,"LINESTRING (14147607.123546893 4517641.912580366, 14147611.194722874 4517651.187638159, 14147607.074390776 4517653.2316387985)",2
용마산로8가길,"LINESTRING (14147467.692767292 4517484.385364461, 14147465.29018661 4517501.355604525)",2
용마산로8라길,"LINESTRING (14147639.269498449 4517652.49364389, 14147644.246738514 4517628.716552089)",2
용마산로8길,"LINESTRING (14147373.2938391 4517402.824823343, 14147413.001501465 4517405.787841515)",2
용마산로10길,"LINESTRING (14147392.74135414 4517537.635978164, 14147458.75381218 4517546.019604223)",2
용마산로8가길,"LINESTRING (14147458.75381218 4517546.019604223, 14147453.121045945 4517583.472166495)",2
용마산로8가길,"LINESTRING (14147458.75381218 4517546.019604223, 14147462.193584446 4517523.227953092)",2
용마산로10길,"LINESTRING (14147458.75381218 4517546.019604223, 14147392.74135414 4517537.635978164)",2
긴고랑로33길,"LINESTRING (14147378.300379474 4517374.39821522, 14147373.2938391 4517402.824823343)",2
긴고랑로33길,"LINESTRING (14147373.2938391 4517402.824823343, 14147378.300379474 4517374.39821522)",2
긴고랑로33길,"LINESTRING (14147359.66757478 4517500.891121896, 14147355.894602688 4517528.044668817)",2
용마산로8다길,"LINESTRING (14147480.935460992 4517675.112489965, 14147476.731909946 4517700.591280351)",2
긴고랑로41길,"LINESTRING (14147883.270690322 4517280.625629467, 14147893.723590506 4517339.365882041)",2
긴고랑로33길,"LINESTRING (14147373.2938391 4517402.824823343, 14147359.66757478 4517500.891121896)",2
용마산로8길,"LINESTRING (14147373.2938391 4517402.824823343, 14147356.086056072 4517401.559328138)",2
긴고랑로33길,"LINESTRING (14147355.894602688 4517528.044668817, 14147359.66757478 4517500.891121896)",2
용마산로10길,"LINESTRING (14147392.74135414 4517537.635978164, 14147386.35161537 4517579.259273159)",2
긴고랑로33길,"LINESTRING (14147359.66757478 4517500.891121896, 14147373.2938391 4517402.824823343)",2
용마산로10길,"LINESTRING (14147355.894602688 4517528.044668817, 14147355.533973988 4517527.9947942905)",2
용마산로10길,"LINESTRING (14147355.894602688 4517528.044668817, 14147393.420403033 4517533.240545411)",2
용마산로8가길,"LINESTRING (14147452.419733156 4517588.134437099, 14147446.435151009 4517627.849055646)",2
용마산로8가길,"LINESTRING (14147446.435151009 4517627.849055646, 14147445.796223454 4517632.089078344)",2
용마산로8가길,"LINESTRING (14147452.419733156 4517588.134437099, 14147453.121045945 4517583.472166495)",2
용마산로12길,"LINESTRING (14147452.419733156 4517588.134437099, 14147386.35161537 4517579.259273159)",2
용마산로12길,"LINESTRING (14147355.325918376 4517575.641576195, 14147386.35161537 4517579.259273159)",2
용마산로14길,"LINESTRING (14147373.282707147 4517664.331961344, 14147366.826176682 4517706.320882149)",2
용마산로14길,"LINESTRING (14147378.935964262 4517627.552213758, 14147379.79489736 4517621.96404717)",2
용마산로14길,"LINESTRING (14147373.282707147 4517664.331961344, 14147378.935964262 4517627.552213758)",2
용마산로10길,"LINESTRING (14147392.74135414 4517537.635978164, 14147393.420403033 4517533.240545411)",2
자양로50길,"LINESTRING (14148411.225639308 4516536.22716768, 14148414.999370044 4516540.776639036, 14148417.71556562 4516544.048327993)",2
용마산로8나길,"LINESTRING (14147481.38279712 4517572.387442991, 14147453.121045945 4517583.472166495)",2
용마산로8다길,"LINESTRING (14147471.678005062 4517731.177279221, 14147476.731909946 4517700.591280351)",2
용마산로8다길,"LINESTRING (14147519.300483223 4517645.191248346, 14147511.556897959 4517628.135074266)",2
용마산로8다길,"LINESTRING (14147607.074390776 4517653.2316387985, 14147611.194722874 4517651.187638159, 14147607.123546893 4517641.912580366)",2
용마산로8다길,"MULTILINESTRING ((14147519.300483223 4517645.191248346, 14147538.414039794 4517687.292437294, 14147607.074390776 4517653.2316387985), (14147607.123546893 4517641.912580366, 14147601.843885647 4517629.884320375, 14147597.93657152 4517631.962690934, 14147596.42751527 4517628.507283915))",2
용마산로8다길,"LINESTRING (14147519.300483223 4517645.191248346, 14147556.25169866 4517628.331088347)",2
용마산로8다길,"LINESTRING (14147519.300483223 4517645.191248346, 14147482.83221804 4517663.615763823, 14147480.935460992 4517675.112489965)",2
자양로,"LINESTRING (14148044.913991695 4516617.893119309, 14148019.536879001 4516579.657849915)",1
"광나루로, 강동대로","LINESTRING (14148629.108051063 4514429.5879068, 14148629.356181517 4514429.304319925, 14148688.767393753 4514360.009284986, 14148702.173999073 4514342.795131214)",1
"광나루로, 강동대로","LINESTRING (14148802.624990378 4514216.6866063895, 14148851.716864375 4514156.366523084)",1
자양로,"LINESTRING (14147458.98128316 4512945.585046892, 14147494.40944508 4512886.685830101)",1
긴고랑로,"LINESTRING (14148237.560938437 4517590.593582945, 14148239.83815128 4517600.50631585, 14148241.83479697 4517631.314594699)",1
"광나루로, 강동대로","LINESTRING (14148755.770304425 4514274.257815832, 14148802.624990378 4514216.6866063895)",1
긴고랑로,"LINESTRING (14148181.654747164 4517504.47793087, 14148201.922732718 4517520.208730079, 14148215.80427322 4517532.875429673, 14148229.68581372 4517556.313077233, 14148237.560938437 4517590.593582945)",1
"영화사로, 워커힐로","LINESTRING (14148622.570203569 4515970.053545286, 14148613.771452803 4515968.064292373, 14148594.84713937 4515955.427568407, 14148569.243656486 4515930.15416625, 14148562.56448704 4515917.517488058, 14148547.247478833 4515860.696011584)",1
긴고랑로45길,"LINESTRING (14148132.64242934 4517504.265953451, 14148135.375941122 4517468.559087157)",1
"광나루로, 강동대로","LINESTRING (14148702.173999073 4514342.795131214, 14148750.694426479 4514280.494639885, 14148755.770304425 4514274.257815832)",1
긴고랑로,"LINESTRING (14148241.83479697 4517631.314594699, 14148243.879048796 4517662.857437088, 14148254.84401864 4517701.349609822, 14148271.931560477 4517747.734200208)",1
긴고랑로45길,"LINESTRING (14148212.075070279 4517605.168594045, 14148194.308479548 4517601.994874326, 14148129.353556668 4517547.227296303, 14148132.64242934 4517504.265953451)",1
강변역로4길,"LINESTRING (14148149.268613571 4513807.925621929, 14148138.081004746 4513793.017366198, 14148129.05299404 4513781.253616303, 14148127.875289332 4513779.991000306)",1
긴고랑로,"LINESTRING (14148271.931560477 4517747.734200208, 14148254.84401864 4517701.349609822, 14148243.879048796 4517662.857437088, 14148241.83479697 4517631.314594699)",1
긴고랑로,"LINESTRING (14148237.560938437 4517590.593582945, 14148229.68581372 4517556.313077233, 14148215.80427322 4517532.875429673, 14148201.922732718 4517520.208730079, 14148181.654747164 4517504.47793087)",1
긴고랑로,"LINESTRING (14148241.83479697 4517631.314594699, 14148239.83815128 4517600.50631585, 14148237.560938437 4517590.593582945)",1
긴고랑로,"LINESTRING (14148135.375941122 4517468.559087157, 14148181.654747164 4517504.47793087)",1
긴고랑로,"LINESTRING (14148181.654747164 4517504.47793087, 14148135.375941122 4517468.559087157)",1
구의강변로1길,"LINESTRING (14147573.380629603 4513199.132158103, 14147576.696812676 4513197.981919875, 14147591.146998314 4513199.209986189)",1
자양로,"LINESTRING (14148060.179625088 4516640.8935926985, 14148067.860669954 4516674.76226566)",1
"광나루로, 강동대로","LINESTRING (14148629.03953803 4514445.7344386345, 14148607.047494717 4514468.927063453)",1
"영화사로, 워커힐로","LINESTRING (14148739.621806089 4516241.194318429, 14148746.263910744 4516231.711956842, 14148747.493511138 4516229.957199745)",1
"영화사로, 워커힐로","LINESTRING (14148620.589185208 4516436.705536901, 14148659.111881403 4516413.757265394, 14148662.629577314 4516402.159066439, 14148664.36608457 4516367.433940291)",1
"영화사로, 워커힐로","LINESTRING (14148664.36608457 4516367.433940291, 14148665.824446699 4516338.270912791, 14148674.874721302 4516310.49723928, 14148704.686080934 4516286.304155032, 14148712.400521649 4516280.055805159, 14148739.621806089 4516241.194318429)",1
자양로,"LINESTRING (14147395.357362173 4513051.491792245, 14147422.085171914 4513006.9247251935, 14147458.98128316 4512945.585046892)",1
자양로,"LINESTRING (14147382.861495122 4513071.772663569, 14147395.357362173 4513051.491792245)",1
천호대로,"LINESTRING (14149452.641739575 4515056.237462056, 14149493.71013407 4515105.402036727)",1
용마산로22길,"LINESTRING (14147412.564493384 4518134.020674199, 14147415.038648145 4518009.67126591, 14147415.038648145 4518007.449144536)",1
"영화사로, 워커힐로","LINESTRING (14148747.493511138 4516229.957199745, 14148800.476502763 4516154.345414777, 14148792.617346711 4516131.430425359, 14148792.150169121 4516114.858491908)",1
용마산로22길,"LINESTRING (14147410.048395589 4518260.593531024, 14147408.392874546 4518343.913159124)",1
"광나루로, 강동대로","LINESTRING (14148728.775618743 4514329.657754903, 14148717.424257938 4514342.8602975365)",1
영화사로,"LINESTRING (14147989.25556172 4516712.682019975, 14147994.40093798 4516708.209794051)",1
"영화사로, 워커힐로","LINESTRING (14148792.150169121 4516114.858491908, 14148790.26850546 4516048.111272753, 14148777.834118335 4516011.253921925, 14148760.00073591 4515995.401790764, 14148748.498277675 4515992.596533601)",1
"광나루로, 강동대로","LINESTRING (14148717.424257938 4514342.8602975365, 14148697.12748751 4514366.467068698, 14148637.88325451 4514436.407929251, 14148629.03953803 4514445.7344386345)",1
긴고랑로,"LINESTRING (14148112.188740617 4517434.416172506, 14148104.42912268 4517422.9902147725)",1
긴고랑로,"LINESTRING (14148135.375941122 4517468.559087157, 14148112.188740617 4517434.416172506)",1
"영화사로, 워커힐로","LINESTRING (14148748.498277675 4515992.596533601, 14148729.790803002 4515988.034093447)",1
"영화사로, 워커힐로","LINESTRING (14148729.790803002 4515988.034093447, 14148722.463803615 4515986.247160855, 14148658.610943697 4515978.201764187, 14148622.570203569 4515970.053545286)",1
자양로,"LINESTRING (14148060.179625088 4516640.8935926985, 14148044.913991695 4516617.893119309)",1
긴고랑로45길,"LINESTRING (14148132.64242934 4517504.265953451, 14148129.353556668 4517547.227296303, 14148194.308479548 4517601.994874326, 14148212.075070279 4517605.168594045)",1
천호대로,"LINESTRING (14147992.918184653 4515861.943386258, 14147999.33239142 4515859.023907565)",1
강변역로,"LINESTRING (14148157.120876519 4513834.31285893, 14148157.317012755 4513834.078291317, 14148162.727140008 4513831.9445230365, 14148170.33026123 4513833.544849207, 14148173.976126099 4513834.385689114)",1
긴고랑로,"LINESTRING (14147933.887662785 4517295.566939036, 14147883.270690322 4517280.625629467)",1
긴고랑로,"LINESTRING (14147986.729632542 4517299.285715014, 14147994.946403485 4517299.863973745, 14148023.544380669 4517311.926574078, 14148042.702465037 4517328.70751385, 14148047.24430026 4517334.436912002)",1
긴고랑로,"LINESTRING (14147933.887662785 4517295.566939036, 14147986.729632542 4517299.285715014)",1
용마산로30길,"LINESTRING (14147568.704073237 4518531.62696558, 14147568.041626884 4518514.459782862)",1
"워커힐로, 영화사로","LINESTRING (14148547.247478833 4515860.696011584, 14148562.56448704 4515917.517488058, 14148569.243656486 4515930.15416625, 14148594.84713937 4515955.427568407, 14148613.771452803 4515968.064292373, 14148622.570203569 4515970.053545286)",1
용마산로30길,"LINESTRING (14147568.041626884 4518514.459782862, 14147568.025024343 4518514.029530902, 14147564.151106061 4518479.396517666)",1
"워커힐로, 영화사로","LINESTRING (14148622.570203569 4515970.053545286, 14148658.610943697 4515978.201764187, 14148722.463803615 4515986.247160855, 14148729.790803002 4515988.034093447)",1
"워커힐로, 영화사로","LINESTRING (14148729.790803002 4515988.034093447, 14148748.498277675 4515992.596533601)",1
자양로,"LINESTRING (14147411.454160543 4513061.205332511, 14147404.646768792 4513071.868357195)",1
천호대로,"LINESTRING (14148007.725881027 4515885.322109136, 14147992.788695635 4515892.023396068)",1
"워커힐로, 영화사로","LINESTRING (14148519.682046697 4516493.376995586, 14148495.42770214 4516506.669693617, 14148494.260739671 4516507.019510719)",1
"워커힐로, 영화사로","LINESTRING (14148747.493511138 4516229.957199745, 14148746.263910744 4516231.711956842, 14148739.621806089 4516241.194318429)",1
"워커힐로, 영화사로","LINESTRING (14148748.498277675 4515992.596533601, 14148760.00073591 4515995.401790764, 14148777.834118335 4516011.253921925, 14148790.26850546 4516048.111272753, 14148792.150169121 4516114.858491908)",1
용마산로30길,"LINESTRING (14147568.704073237 4518531.62696558, 14147569.516705522 4518552.847853953)",1
"워커힐로, 영화사로","LINESTRING (14148792.150169121 4516114.858491908, 14148792.617346711 4516131.430425359, 14148800.476502763 4516154.345414777, 14148747.493511138 4516229.957199745)",1
"워커힐로, 영화사로","LINESTRING (14148664.36608457 4516367.433940291, 14148662.629577314 4516402.159066439, 14148659.111881403 4516413.757265394, 14148620.589185208 4516436.705536901)",1
긴고랑로,"LINESTRING (14147860.80058095 4517273.729740769, 14147883.270690322 4517280.625629467)",1
긴고랑로45길,"LINESTRING (14148135.375941122 4517468.559087157, 14148132.64242934 4517504.265953451)",1
"영화사로, 워커힐로","LINESTRING (14148494.260739671 4516507.019510719, 14148495.42770214 4516506.669693617, 14148519.682046697 4516493.376995586)",1
동일로,"LINESTRING (14144096.86209914 4513588.40178974, 14144137.113790298 4513679.142576498, 14144141.771424878 4513689.645867507)",1
긴고랑로,"LINESTRING (14147883.270690322 4517280.625629467, 14147933.887662785 4517295.566939036)",1
"워커힐로, 영화사로","LINESTRING (14148739.621806089 4516241.194318429, 14148712.400521649 4516280.055805159, 14148704.686080934 4516286.304155032, 14148674.874721302 4516310.49723928, 14148665.824446699 4516338.270912791, 14148664.36608457 4516367.433940291)",1
자양로,"LINESTRING (14147511.47472302 4512893.858576267, 14147501.672487134 4512910.258927745)",1
"광나루로, 강동대로","LINESTRING (14148594.733579177 4514468.874293946, 14148629.108051063 4514429.5879068)",1
긴고랑로,"LINESTRING (14147883.270690322 4517280.625629467, 14147860.80058095 4517273.729740769)",1
능동로,"LINESTRING (14144854.287943466 4513271.748981769, 14144841.810694817 4513269.866144362, 14144826.537660679 4513268.1255324315, 14144811.598585017 4513268.532611002, 14144799.297781281 4513271.129491912, 14144787.152824836 4513275.326614312, 14144775.564465845 4513282.022361555, 14144764.811003033 4513290.192021226, 14144755.972235464 4513299.681187193, 14144748.302322552 4513309.99855936, 14144746.849269217 4513312.89452731)",1
용마산로28나길,"LINESTRING (14147377.156904753 4518640.209691054, 14147379.293959653 4518650.62460124, 14147379.995272443 4518672.182797616)",1
능동로,"MULTILINESTRING ((14144934.697236078 4513313.766416133, 14144933.293052351 4513312.118184016, 14144923.207506483 4513302.348262017, 14144912.853533495 4513295.234702038), (14144912.853533495 4513295.234702038, 14144911.66367529 4513294.41722572, 14144900.064184349 4513287.693396113, 14144887.017540028 4513281.4187615225, 14144872.468082579 4513276.365367272, 14144857.996548776 4513272.30861643, 14144854.287943466 4513271.748981769), (14144910.796239395 4513313.655645516, 14144912.15348105 4513306.433098985, 14144912.853533495 4513295.234702038), (14144912.853533495 4513295.234702038, 14144912.932717483 4513293.968034463, 14144911.351980716 4513271.326012656))",1
용마산로28나길,"LINESTRING (14147367.605413118 4518593.660616665, 14147377.156904753 4518640.209691054)",1
용마산로28나길,"LINESTRING (14147482.453731772 4518573.956430893, 14147477.333035193 4518563.324893471, 14147477.068370499 4518563.027066174)",1
용마산로28나길,"LINESTRING (14147367.605413118 4518593.660616665, 14147364.8112939 4518580.0235746605, 14147360.73700054 4518565.094474909, 14147365.712981775 4518538.845714307, 14147377.02304204 4518532.961169736)",1
자양로,"LINESTRING (14147480.50211474 4512945.67957587, 14147411.454160543 4513061.205332511)",1
용마산로30길,"LINESTRING (14147224.588028895 4518647.788515783, 14147244.831146723 4518669.584576154)",1
자양로,"LINESTRING (14147501.672487134 4512910.258927745, 14147480.50211474 4512945.67957587)",1
"아차산 지하차도, 천호대로","LINESTRING (14147999.33239142 4515859.023907565, 14148000.843245225 4515858.338783911)",1
"아차산 지하차도, 천호대로","LINESTRING (14148063.160242938 4515858.608943896, 14148007.725881027 4515885.322109136)",1
용마산로28나길,"LINESTRING (14147477.068370499 4518563.027066174, 14147461.5701953 4518545.58696275, 14147438.916678922 4518540.671468665, 14147420.203872517 4518554.26632652, 14147377.02304204 4518532.961169736)",1
구의강변로1길,"LINESTRING (14147591.146998314 4513199.209986189, 14147576.696812676 4513197.981919875, 14147573.380629603 4513199.132158103)",1
용마산로30길,"LINESTRING (14147379.995272443 4518672.182797616, 14147350.539517663 4518671.616578038)",1
자양로50길,"LINESTRING (14148374.07216082 4516492.751227498, 14148368.320466915 4516486.020759442)",1
용마산로,"LINESTRING (14147354.763193622 4517704.508567707, 14147366.826176682 4517706.320882149)",1
용마산로28나길,"LINESTRING (14147377.02304204 4518532.961169736, 14147420.203872517 4518554.26632652, 14147438.916678922 4518540.671468665, 14147461.5701953 4518545.58696275, 14147477.068370499 4518563.027066174)",1
용마산로28나길,"LINESTRING (14147477.068370499 4518563.027066174, 14147477.333035193 4518563.324893471, 14147482.453731772 4518573.956430893)",1
용마산로28나길,"LINESTRING (14147377.02304204 4518532.961169736, 14147365.712981775 4518538.845714307, 14147360.73700054 4518565.094474909, 14147364.8112939 4518580.0235746605, 14147367.605413118 4518593.660616665)",1
용마산로28나길,"LINESTRING (14147377.02304204 4518532.961169736, 14147371.156504877 4518518.818614344)",1
"용마산로22길, 용마산로24길","LINESTRING (14147389.277363451 4518007.335842848, 14147395.123591242 4517968.523737452)",1
"용마산로22길, 용마산로24길","LINESTRING (14147370.223008301 4518133.834444466, 14147389.277363451 4518007.335842848)",1
용마산로22길,"LINESTRING (14147353.635954551 4517962.639509187, 14147395.123591242 4517968.523737452)",1
용마산로22길,"LINESTRING (14147408.392874546 4518343.913159124, 14147410.048395589 4518260.593531024)",1
용마산로22길,"LINESTRING (14147415.038648145 4517972.24526494, 14147415.038648145 4518007.449144536)",1
용마산로22길,"LINESTRING (14147415.038648145 4518007.449144536, 14147415.038648145 4518009.67126591, 14147412.564493384 4518134.020674199)",1
용마산로22길,"LINESTRING (14147415.038648145 4517972.24526494, 14147426.114937479 4517970.925175793, 14147440.441755945 4517930.311450663, 14147448.467891231 4517927.095501985, 14147479.258862384 4517914.793454163)",1
용마산로22길,"LINESTRING (14147415.038648145 4517972.24526494, 14147395.123591242 4517968.523737452)",1
용마산로30길,"LINESTRING (14147518.799545513 4518464.76248895, 14147535.18577456 4518466.855069538, 14147551.215781234 4518464.776533114, 14147564.151106061 4518479.396517666)",1
긴고랑로,"LINESTRING (14148104.42912268 4517422.9902147725, 14148112.188740617 4517434.416172506)",1
긴고랑로,"LINESTRING (14148112.188740617 4517434.416172506, 14148135.375941122 4517468.559087157)",1
긴고랑로,"LINESTRING (14148104.42912268 4517422.9902147725, 14148098.362210432 4517412.963685208, 14148075.726306353 4517377.444443476)",1
긴고랑로,"LINESTRING (14148075.726306353 4517377.444443476, 14148052.721219208 4517341.3458963, 14148047.24430026 4517334.436912002)",1
자양로50길,"LINESTRING (14147988.879491236 4516344.7018345585, 14147950.663510047 4516336.768492773)",1
자양로50길,"LINESTRING (14147990.864791853 4516338.919695246, 14148023.06570686 4516245.135320735)",1
자양로50길,"LINESTRING (14147988.879491236 4516344.7018345585, 14147990.864791853 4516338.919695246)",1
자양로50길,"LINESTRING (14148059.028681822 4516364.827180044, 14148115.817106588 4516384.3265095875)",1
용마산로28나길,"LINESTRING (14147371.156504877 4518518.818614344, 14147377.02304204 4518532.961169736)",1
용마산로,"LINESTRING (14147366.826176682 4517706.320882149, 14147354.763193622 4517704.508567707)",1
자양로50길,"LINESTRING (14148242.552878363 4516424.806643458, 14148196.557133261 4516412.633952584)",1
용마산로,"LINESTRING (14147354.94966003 4517661.807318544, 14147373.282707147 4517664.331961344)",1
자양로50길,"LINESTRING (14148115.817106588 4516384.3265095875, 14148116.696419949 4516384.634796739)",1
자양로50길,"LINESTRING (14148116.696419949 4516384.634796739, 14148196.557133261 4516412.633952584)",1
자양로50길,"LINESTRING (14148115.817106588 4516384.3265095875, 14148059.028681822 4516364.827180044)",1
자양로50길,"LINESTRING (14148059.028681822 4516364.827180044, 14148053.823282165 4516363.0398122175, 14147998.631078629 4516346.723784576, 14147990.838149909 4516345.107954073)",1
자양로50길,"LINESTRING (14147990.838149909 4516345.107954073, 14147988.879491236 4516344.7018345585)",1
자양로53길,"LINESTRING (14148019.536879001 4516579.657849915, 14147989.713873224 4516606.237736025)",1
자양로,"LINESTRING (14148019.536879001 4516579.657849915, 14147990.026932381 4516533.526648265)",1
자양로,"LINESTRING (14148019.536879001 4516579.657849915, 14148044.913991695 4516617.893119309)",1
자양로,"LINESTRING (14148044.913991695 4516617.893119309, 14148060.179625088 4516640.8935926985)",1
자양로53길,"LINESTRING (14147989.713873224 4516606.237736025, 14148019.536879001 4516579.657849915)",1
긴고랑로,"LINESTRING (14148047.24430026 4517334.436912002, 14148052.721219208 4517341.3458963, 14148075.726306353 4517377.444443476)",1
긴고랑로,"LINESTRING (14148075.726306353 4517377.444443476, 14148098.362210432 4517412.963685208, 14148104.42912268 4517422.9902147725)",1
긴고랑로,"LINESTRING (14147986.729632542 4517299.285715014, 14147933.887662785 4517295.566939036)",1
자양로,"LINESTRING (14147881.603980832 4516364.0565792, 14147864.841465378 4516337.862057614)",1
긴고랑로,"LINESTRING (14148047.24430026 4517334.436912002, 14148042.702465037 4517328.70751385, 14148023.544380669 4517311.926574078, 14147994.946403485 4517299.863973745, 14147986.729632542 4517299.285715014)",1
영화사로,"LINESTRING (14148115.38020219 4516691.194413378, 14148067.860669954 4516674.76226566)",1
영화사로,"LINESTRING (14148120.893275369 4516693.100821724, 14148115.38020219 4516691.194413378)",1
영화사로,"LINESTRING (14148120.893275369 4516693.100821724, 14148162.805063652 4516707.605996412, 14148198.928238414 4516715.97491564, 14148241.29696893 4516718.137121068)",1
영화사로,"LINESTRING (14148241.29696893 4516718.137121068, 14148198.928238414 4516715.97491564, 14148162.805063652 4516707.605996412, 14148120.893275369 4516693.100821724)",1
영화사로,"LINESTRING (14148367.576591896 4516660.247894143, 14148424.738161765 4516619.5334329195)",1
용마산로,"LINESTRING (14147373.282707147 4517664.331961344, 14147354.94966003 4517661.807318544)",1
자양로50길,"LINESTRING (14147990.838149909 4516345.107954073, 14147998.631078629 4516346.723784576, 14148053.823282165 4516363.0398122175, 14148059.028681822 4516364.827180044)",1
자양로50길,"LINESTRING (14147988.879491236 4516344.7018345585, 14147990.838149909 4516345.107954073)",1
자양로50길,"LINESTRING (14148023.06570686 4516245.135320735, 14147990.864791853 4516338.919695246)",1
자양로50길,"LINESTRING (14147990.864791853 4516338.919695246, 14147988.879491236 4516344.7018345585)",1
용마산로22길,"LINESTRING (14147395.123591242 4517968.523737452, 14147353.635954551 4517962.639509187)",1
"용마산로22길, 용마산로24길","LINESTRING (14147389.277363451 4518007.335842848, 14147370.223008301 4518133.834444466)",1
"용마산로22길, 용마산로24길","LINESTRING (14147395.123591242 4517968.523737452, 14147389.277363451 4518007.335842848)",1
자양로50길,"LINESTRING (14147950.663510047 4516336.768492773, 14147864.923248634 4516318.91861448)",1
자양로50길,"LINESTRING (14147950.663510047 4516336.768492773, 14147988.879491236 4516344.7018345585)",1
영화사로,"LINESTRING (14148067.860669954 4516674.76226566, 14148032.472203832 4516686.739894731)",1
영화사로,"LINESTRING (14148115.38020219 4516691.194413378, 14148120.893275369 4516693.100821724)",1
영화사로,"LINESTRING (14148067.860669954 4516674.76226566, 14148115.38020219 4516691.194413378)",1
자양로,"LINESTRING (14148067.860669954 4516674.76226566, 14148060.179625088 4516640.8935926985)",1
자양로50길,"LINESTRING (14147864.923248634 4516318.91861448, 14147950.663510047 4516336.768492773)",1
자양로,"LINESTRING (14147864.841465378 4516337.862057614, 14147881.603980832 4516364.0565792)",1
영화사로,"LINESTRING (14148032.472203832 4516686.739894731, 14148067.860669954 4516674.76226566)",1
영화사로,"LINESTRING (14148032.472203832 4516686.739894731, 14147994.40093798 4516708.209794051)",1
영화사로,"LINESTRING (14147994.40093798 4516708.209794051, 14148032.472203832 4516686.739894731)",1
영화사로,"LINESTRING (14147994.40093798 4516708.209794051, 14147989.25556172 4516712.682019975)",1
자양로50길,"LINESTRING (14148196.557133261 4516412.633952584, 14148242.552878363 4516424.806643458)",1
자양로50길,"LINESTRING (14148368.320466915 4516486.020759442, 14148374.07216082 4516492.751227498)",1
자양로,"LINESTRING (14147990.026932381 4516533.526648265, 14148019.536879001 4516579.657849915)",1
자양로50길,"LINESTRING (14148196.557133261 4516412.633952584, 14148116.696419949 4516384.634796739)",1
자양로50길,"LINESTRING (14148116.696419949 4516384.634796739, 14148115.817106588 4516384.3265095875)",1
영화사로,"LINESTRING (14148424.738161765 4516619.5334329195, 14148367.576591896 4516660.247894143)",1
용마산로22길,"LINESTRING (14147395.123591242 4517968.523737452, 14147415.038648145 4517972.24526494)",1
용마산로30길,"LINESTRING (14147242.905319532 4518764.84843687, 14147244.831146723 4518669.584576154)",1
용마산로30길,"LINESTRING (14147244.831146723 4518669.584576154, 14147242.905319532 4518764.84843687)",1
용마산로30길,"LINESTRING (14147476.69083821 4518649.70094097, 14147472.011963535 4518653.461573078)",1
용마산로30길,"LINESTRING (14147472.011963535 4518653.461573078, 14147454.334428394 4518656.059790535, 14147379.995272443 4518672.182797616)",1
용마산로30길,"LINESTRING (14147472.011963535 4518653.461573078, 14147476.69083821 4518649.70094097)",1
용마산로30길,"LINESTRING (14147487.720525948 4518640.695910915, 14147513.389418261 4518619.432006176, 14147519.06671229 4518603.014149061, 14147550.113718275 4518576.737204683, 14147569.516705522 4518552.847853953)",1
용마산로30길,"LINESTRING (14147476.69083821 4518649.70094097, 14147482.041849656 4518645.40008086, 14147487.720525948 4518640.695910915)",1
용마산로28나길,"LINESTRING (14147379.995272443 4518672.182797616, 14147379.293959653 4518650.62460124, 14147377.156904753 4518640.209691054)",1
용마산로28나길,"LINESTRING (14147377.156904753 4518640.209691054, 14147367.605413118 4518593.660616665)",1
용마산로30길,"LINESTRING (14147379.995272443 4518672.182797616, 14147454.334428394 4518656.059790535, 14147472.011963535 4518653.461573078)",1
용마산로30길,"LINESTRING (14147350.539517663 4518671.616578038, 14147244.831146723 4518669.584576154)",1
용마산로30길,"LINESTRING (14147379.995272443 4518672.182797616, 14147374.830048071 4518765.1574173365)",1
용마산로30길,"LINESTRING (14147569.516705522 4518552.847853953, 14147550.113718275 4518576.737204683, 14147519.06671229 4518603.014149061, 14147513.389418261 4518619.432006176, 14147487.720525948 4518640.695910915)",1
용마산로30길,"LINESTRING (14147244.831146723 4518669.584576154, 14147224.588028895 4518647.788515783)",1
용마산로30길,"LINESTRING (14147487.720525948 4518640.695910915, 14147482.041849656 4518645.40008086, 14147476.69083821 4518649.70094097)",1
용마산로30길,"LINESTRING (14147569.516705522 4518552.847853953, 14147568.704073237 4518531.62696558)",1
용마산로30길,"LINESTRING (14147374.830048071 4518765.1574173365, 14147379.995272443 4518672.182797616)",1
용마산로30길,"LINESTRING (14147568.041626884 4518514.459782862, 14147568.704073237 4518531.62696558)",1
용마산로30길,"LINESTRING (14147564.151106061 4518479.396517666, 14147568.025024343 4518514.029530902, 14147568.041626884 4518514.459782862)",1
용마산로30길,"LINESTRING (14147564.151106061 4518479.396517666, 14147551.215781234 4518464.776533114, 14147535.18577456 4518466.855069538, 14147518.799545513 4518464.76248895)",1
용마산로22길,"LINESTRING (14147479.258862384 4517914.793454163, 14147448.467891231 4517927.095501985, 14147440.441755945 4517930.311450663, 14147426.114937479 4517970.925175793, 14147415.038648145 4517972.24526494)",1
용마산로30길,"LINESTRING (14147350.539517663 4518671.616578038, 14147379.995272443 4518672.182797616)",1
용마산로30길,"LINESTRING (14147244.831146723 4518669.584576154, 14147350.539517663 4518671.616578038)",1
용마산로22길,"LINESTRING (14147415.038648145 4518007.449144536, 14147415.038648145 4517972.24526494)",1
