road_name,geometry
긴고랑로46길,"LINESTRING (14148135.375941122 4517468.559087157, 14148177.488104487 4517468.882072168)"
긴고랑로44길,"LINESTRING (14148142.354498778 4517377.733043953, 14148145.76204961 4517333.383713578)"
긴고랑로44길,"LINESTRING (14148135.375941122 4517468.559087157, 14148142.354498778 4517377.733043953)"
긴고랑로42길,"LINESTRING (14147933.887662785 4517295.566939036, 14147934.87840625 4517266.709447734)"
긴고랑로41길,"LINESTRING (14147883.270690322 4517280.625629467, 14147893.723590506 4517339.365882041)"
긴고랑로35길,"LINESTRING (14147417.795218274 4517374.571890837, 14147413.001501465 4517405.787841515)"
용마산로10길,"LINESTRING (14147355.533973988 4517527.9947942905, 14147355.894602688 4517528.044668817)"
용마산로14길,"LINESTRING (14147355.137188636 4517618.862543251, 14147379.79489736 4517621.96404717)"
용마산로16길,"LINESTRING (14147354.557010239 4517751.725050689, 14147359.74625707 4517752.466760046)"
용마산로28길,"LINESTRING (14147224.956494102 4518563.659753404, 14147259.914937725 4518551.569824383)"
능동로3다길,"LINESTRING (14144668.196816973 4513609.712130345, 14144671.73677678 4513613.193468075, 14144717.255316565 4513656.429533126, 14144726.483385643 4513664.830773146)"
뚝섬로22길,"LINESTRING (14144346.483488584 4513815.407833605, 14144347.794078024 4513815.8416335685)"
뚝섬로22길,"LINESTRING (14144347.794078024 4513815.8416335685, 14144351.788186295 4513817.163667737)"
뚝섬로22길,"LINESTRING (14144347.794078024 4513815.8416335685, 14144346.483488584 4513815.407833605)"
뚝섬로22길,"LINESTRING (14144351.788186295 4513817.163667737, 14144347.794078024 4513815.8416335685)"
능동로3다길,"LINESTRING (14144726.483385643 4513664.830773146, 14144717.255316565 4513656.429533126, 14144671.73677678 4513613.193468075, 14144668.196816973 4513609.712130345)"
자양로54길,"LINESTRING (14148060.179625088 4516640.8935926985, 14148083.441320471 4516618.060177525)"
자양로54길,"LINESTRING (14148083.441320471 4516618.060177525, 14148109.060013497 4516592.913160317)"
자양로44길,"LINESTRING (14148196.557133261 4516412.633952584, 14148221.28140439 4516365.52941407)"
자양로54길,"LINESTRING (14148196.557133261 4516412.633952584, 14148189.332498308 4516435.240646083)"
영화사로13길,"LINESTRING (14148043.025173254 4516744.4507652, 14148091.237763021 4516780.384925704)"
영화사로13길,"LINESTRING (14147994.40093798 4516708.209794051, 14148043.025173254 4516744.4507652)"
영화사로9길,"LINESTRING (14148006.779665357 4516970.359553623, 14148022.609296946 4516992.700650483)"
영화사로9길,"LINESTRING (14148006.779665357 4516970.359553623, 14147988.160687502 4516966.958702932)"
영화사로9가길,"LINESTRING (14148006.779665357 4516970.359553623, 14148019.868452752 4516870.917696519)"
영화사로9가길,"LINESTRING (14148019.868452752 4516870.917696519, 14148020.360643232 4516867.178287065)"
영화사로15길,"LINESTRING (14148112.677629717 4516744.752794759, 14148115.142584762 4516746.53570644)"
영화사로15길,"LINESTRING (14148115.142584762 4516746.53570644, 14148116.551815229 4516747.55500838)"
영화사로15길,"LINESTRING (14148032.472203832 4516686.739894731, 14148112.677629717 4516744.752794759)"
영화사로9가길,"LINESTRING (14147988.67312453 4516847.951028962, 14148020.360643232 4516867.178287065)"
천호대로137길,"LINESTRING (14147974.834797539 4516237.900639788, 14147976.200201236 4516232.315727023)"
천호대로137길,"LINESTRING (14147950.663510047 4516336.768492773, 14147974.834797539 4516237.900639788)"
자양로50가길,"LINESTRING (14147990.5874815 4516403.330704872, 14148030.546376642 4516469.951142589)"
자양로50가길,"LINESTRING (14147950.663510047 4516336.768492773, 14147967.254251566 4516364.428978832)"
천호대로137길,"LINESTRING (14147991.81335733 4516118.587713073, 14147988.75718339 4516111.401381905)"
천호대로137길,"LINESTRING (14147991.566599153 4516175.905348965, 14147976.200201236 4516232.315727023)"
자양로46길,"LINESTRING (14147991.69879757 4516145.197954608, 14147865.409600768 4516206.263926048)"
용마산로8길,"LINESTRING (14147480.539036531 4517401.434592359, 14147482.127151076 4517401.450216604)"
용마산로8길,"LINESTRING (14147480.539036531 4517401.434592359, 14147413.001501465 4517405.787841515)"
용마산로8가길,"LINESTRING (14147480.539036531 4517401.434592359, 14147467.692767292 4517484.385364461)"
용마산로8가길,"LINESTRING (14147453.121045945 4517583.472166495, 14147458.75381218 4517546.019604223)"
용마산로8가길,"LINESTRING (14147453.121045945 4517583.472166495, 14147452.419733156 4517588.134437099)"
용마산로8나길,"LINESTRING (14147453.121045945 4517583.472166495, 14147481.38279712 4517572.387442991)"
용마산로8마길,"LINESTRING (14147688.874054981 4517628.911730311, 14147687.15914339 4517635.599840401, 14147705.081581408 4517640.978330157, 14147702.52123312 4517665.553710172, 14147695.229806472 4517671.437766864, 14147687.070087796 4517708.174577521)"
용마산로8마길,"LINESTRING (14147687.070087796 4517708.174577521, 14147695.229806472 4517671.437766864, 14147702.52123312 4517665.553710172, 14147705.081581408 4517640.978330157, 14147687.15914339 4517635.599840401, 14147688.874054981 4517628.911730311)"
용마산로8길,"LINESTRING (14147413.001501465 4517405.787841515, 14147480.539036531 4517401.434592359)"
용마산로8길,"LINESTRING (14147413.001501465 4517405.787841515, 14147373.2938391 4517402.824823343)"
긴고랑로35길,"LINESTRING (14147413.001501465 4517405.787841515, 14147417.795218274 4517374.571890837)"
긴고랑로35길,"LINESTRING (14147413.001501465 4517405.787841515, 14147398.364237785 4517501.0612931065)"
긴고랑로35길,"LINESTRING (14147398.364237785 4517501.0612931065, 14147393.420403033 4517533.240545411)"
용마산로8길,"LINESTRING (14147356.086056072 4517401.559328138, 14147373.2938391 4517402.824823343)"
용마산로34길,"LINESTRING (14147417.944086855 4518869.733785223, 14147375.598152557 4518866.08216196)"
용마산로36길,"LINESTRING (14147417.944086855 4518869.733785223, 14147447.065265646 4518767.320280865)"
용마산로32길,"LINESTRING (14147224.07622581 4518764.641051771, 14147242.905319532 4518764.84843687)"
용마산로28길,"LINESTRING (14147564.151106061 4518479.396517666, 14147556.169498574 4518456.701142144, 14147518.799545513 4518464.76248895)"
용마산로32길,"LINESTRING (14147374.830048071 4518765.1574173365, 14147350.131192723 4518765.09957023)"
용마산로32길,"LINESTRING (14147350.131192723 4518765.09957023, 14147242.905319532 4518764.84843687)"
용마산로32길,"LINESTRING (14147374.830048071 4518765.1574173365, 14147438.722666485 4518767.070487148)"
용마산로32길,"LINESTRING (14147438.722666485 4518767.070487148, 14147447.065265646 4518767.320280865)"
용마산로32길,"LINESTRING (14147374.830048071 4518765.1574173365, 14147374.842469145 4518766.789478598)"
용마산로32길,"LINESTRING (14147374.842469145 4518766.789478598, 14147375.598152557 4518866.08216196)"
용마산로28다길,"LINESTRING (14147569.516705522 4518552.847853953, 14147548.644300995 4518544.014004392, 14147515.549016384 4518540.671468665, 14147486.784059964 4518536.331791519, 14147477.204599788 4518531.751435244)"
용마산로28다길,"LINESTRING (14147477.204599788 4518531.751435244, 14147468.66124686 4518527.666486879, 14147450.53843376 4518518.607950803)"
용마산로34길,"LINESTRING (14147375.598152557 4518866.08216196, 14147417.944086855 4518869.733785223)"
용마산로34길,"LINESTRING (14147375.598152557 4518866.08216196, 14147349.688098058 4518866.539579853)"
용마산로32길,"LINESTRING (14147374.842469145 4518766.789478598, 14147374.830048071 4518765.1574173365)"
용마산로32길,"LINESTRING (14147375.598152557 4518866.08216196, 14147374.842469145 4518766.789478598)"
용마산로36길,"LINESTRING (14147476.638558596 4518661.702946048, 14147476.687382147 4518661.789915641, 14147476.6374042 4518661.967964735)"
용마산로36길,"MULTILINESTRING ((14147472.011963535 4518653.461573078, 14147476.638558596 4518661.702946048), (14147476.6374042 4518661.967964735, 14147447.125007035 4518767.107448987))"
용마산로36길,"LINESTRING (14147447.125007035 4518767.107448987, 14147447.065265646 4518767.320280865)"
용마산로32길,"LINESTRING (14147438.722666485 4518767.070487148, 14147374.830048071 4518765.1574173365)"
용마산로32길,"LINESTRING (14147447.065265646 4518767.320280865, 14147438.722666485 4518767.070487148)"
용마산로36길,"LINESTRING (14147447.065265646 4518767.320280865, 14147417.944086855 4518869.733785223)"
용마산로36길,"LINESTRING (14147476.6374042 4518661.967964735, 14147476.687382147 4518661.789915641, 14147476.638558596 4518661.702946048)"
용마산로36길,"MULTILINESTRING ((14147447.125007035 4518767.107448987, 14147476.6374042 4518661.967964735), (14147476.638558596 4518661.702946048, 14147472.011963535 4518653.461573078))"
용마산로36길,"LINESTRING (14147447.065265646 4518767.320280865, 14147447.125007035 4518767.107448987)"
용마산로34길,"LINESTRING (14147349.688098058 4518866.539579853, 14147375.598152557 4518866.08216196)"
용마산로26길,"LINESTRING (14147225.35105096 4518473.572117657, 14147236.53784466 4518474.481054682, 14147239.142720744 4518485.393385636)"
용마산로28길,"LINESTRING (14147259.914937725 4518551.569824383, 14147224.956494102 4518563.659753404)"
용마산로28가길,"LINESTRING (14147259.914937725 4518551.569824383, 14147255.01688013 4518589.896735119)"
용마산로28길,"LINESTRING (14147247.824236171 4518513.051087, 14147239.142720744 4518485.393385636)"
용마산로28길,"LINESTRING (14147259.914937725 4518551.569824383, 14147247.824236171 4518513.051087)"
용마산로28길,"LINESTRING (14147351.188522331 4518523.027915208, 14147371.156504877 4518518.818614344)"
용마산로28길,"LINESTRING (14147259.914937725 4518551.569824383, 14147331.649217594 4518527.146849713, 14147351.188522331 4518523.027915208)"
용마산로28길,"LINESTRING (14147518.799545513 4518464.76248895, 14147556.169498574 4518456.701142144, 14147564.151106061 4518479.396517666)"
용마산로28길,"LINESTRING (14147518.799545513 4518464.76248895, 14147477.441229826 4518477.424524485)"
용마산로28길,"LINESTRING (14147477.441229826 4518477.424524485, 14147461.091521489 4518482.4300616905, 14147421.584234204 4518501.670616022, 14147417.643524231 4518503.018860572)"
용마산로26길,"LINESTRING (14147296.327543162 4518464.088369119, 14147264.089418631 4518471.882882324, 14147264.089418631 4518478.638131798, 14147239.142720744 4518485.393385636)"
용마산로28길,"LINESTRING (14147386.329840627 4518513.661584014, 14147417.643524231 4518503.018860572)"
용마산로28길,"LINESTRING (14147371.156504877 4518518.818614344, 14147386.329840627 4518513.661584014)"
용마산로28길,"LINESTRING (14147371.156504877 4518518.818614344, 14147351.188522331 4518523.027915208)"
용마산로28길,"LINESTRING (14147351.188522331 4518523.027915208, 14147331.649217594 4518527.146849713, 14147259.914937725 4518551.569824383)"
용마산로16길,"LINESTRING (14147368.079666218 4517754.082339244, 14147359.74625707 4517752.466760046)"
용마산로8가길,"LINESTRING (14147427.380389387 4517754.343135112, 14147436.400858428 4517694.440387797)"
용마산로14길,"LINESTRING (14147445.796223454 4517632.089078344, 14147417.322513442 4517627.721026692)"
용마산로14길,"LINESTRING (14147417.322513442 4517627.721026692, 14147379.79489736 4517621.96404717)"
용마산로8가길,"LINESTRING (14147445.796223454 4517632.089078344, 14147454.422700264 4517627.884182576)"
용마산로8가길,"LINESTRING (14147454.422700264 4517627.884182576, 14147481.19796322 4517614.832830052)"
용마산로8가길,"LINESTRING (14147445.796223454 4517632.089078344, 14147446.435151009 4517627.849055646)"
용마산로8가길,"LINESTRING (14147446.435151009 4517627.849055646, 14147452.419733156 4517588.134437099)"
용마산로8가길,"LINESTRING (14147445.796223454 4517632.089078344, 14147443.235875163 4517649.081177645, 14147436.400858428 4517694.440387797)"
용마산로8가길,"LINESTRING (14147406.689686337 4517891.692044998, 14147353.983263915 4517883.11002794)"
용마산로8가길,"LINESTRING (14147406.689686337 4517891.692044998, 14147408.324094389 4517880.838714556)"
용마산로8가길,"LINESTRING (14147406.689686337 4517891.692044998, 14147400.667301884 4517931.67366503, 14147395.123591242 4517968.523737452)"
용마산로8가길,"LINESTRING (14147408.324094389 4517880.838714556, 14147406.689686337 4517891.692044998)"
용마산로14길,"LINESTRING (14147366.826176682 4517706.320882149, 14147373.282707147 4517664.331961344)"
용마산로14길,"LINESTRING (14147366.826176682 4517706.320882149, 14147359.74625707 4517752.466760046)"
용마산로14길,"LINESTRING (14147373.282707147 4517664.331961344, 14147378.935964262 4517627.552213758)"
용마산로14길,"LINESTRING (14147378.935964262 4517627.552213758, 14147379.79489736 4517621.96404717)"
용마산로14길,"LINESTRING (14147373.282707147 4517664.331961344, 14147366.826176682 4517706.320882149)"
용마산로12길,"LINESTRING (14147355.325918376 4517575.641576195, 14147386.35161537 4517579.259273159)"
용마산로12길,"LINESTRING (14147452.419733156 4517588.134437099, 14147386.35161537 4517579.259273159)"
용마산로8가길,"LINESTRING (14147452.419733156 4517588.134437099, 14147453.121045945 4517583.472166495)"
용마산로8가길,"LINESTRING (14147446.435151009 4517627.849055646, 14147445.796223454 4517632.089078344)"
용마산로8가길,"LINESTRING (14147452.419733156 4517588.134437099, 14147446.435151009 4517627.849055646)"
용마산로10길,"LINESTRING (14147355.894602688 4517528.044668817, 14147393.420403033 4517533.240545411)"
용마산로10길,"LINESTRING (14147355.894602688 4517528.044668817, 14147355.533973988 4517527.9947942905)"
긴고랑로33길,"LINESTRING (14147359.66757478 4517500.891121896, 14147373.2938391 4517402.824823343)"
긴고랑로33길,"LINESTRING (14147355.894602688 4517528.044668817, 14147359.66757478 4517500.891121896)"
용마산로8길,"LINESTRING (14147373.2938391 4517402.824823343, 14147413.001501465 4517405.787841515)"
용마산로8길,"LINESTRING (14147373.2938391 4517402.824823343, 14147356.086056072 4517401.559328138)"
긴고랑로33길,"LINESTRING (14147373.2938391 4517402.824823343, 14147359.66757478 4517500.891121896)"
긴고랑로33길,"LINESTRING (14147359.66757478 4517500.891121896, 14147355.894602688 4517528.044668817)"
긴고랑로33길,"LINESTRING (14147373.2938391 4517402.824823343, 14147378.300379474 4517374.39821522)"
긴고랑로33길,"LINESTRING (14147378.300379474 4517374.39821522, 14147373.2938391 4517402.824823343)"
용마산로10길,"LINESTRING (14147458.75381218 4517546.019604223, 14147392.74135414 4517537.635978164)"
용마산로8가길,"LINESTRING (14147458.75381218 4517546.019604223, 14147462.193584446 4517523.227953092)"
용마산로8가길,"LINESTRING (14147458.75381218 4517546.019604223, 14147453.121045945 4517583.472166495)"
용마산로10길,"LINESTRING (14147392.74135414 4517537.635978164, 14147458.75381218 4517546.019604223)"
용마산로10길,"LINESTRING (14147392.74135414 4517537.635978164, 14147393.420403033 4517533.240545411)"
용마산로10길,"LINESTRING (14147392.74135414 4517537.635978164, 14147386.35161537 4517579.259273159)"
용마산로8나길,"LINESTRING (14147481.38279712 4517572.387442991, 14147453.121045945 4517583.472166495)"
용마산로8다길,"LINESTRING (14147471.678005062 4517731.177279221, 14147476.731909946 4517700.591280351)"
용마산로8다길,"LINESTRING (14147519.300483223 4517645.191248346, 14147511.556897959 4517628.135074266)"
용마산로8다길,"LINESTRING (14147519.300483223 4517645.191248346, 14147556.25169866 4517628.331088347)"
용마산로8다길,"LINESTRING (14147607.074390776 4517653.2316387985, 14147611.194722874 4517651.187638159, 14147607.123546893 4517641.912580366)"
용마산로8다길,"MULTILINESTRING ((14147519.300483223 4517645.191248346, 14147538.414039794 4517687.292437294, 14147607.074390776 4517653.2316387985), (14147607.123546893 4517641.912580366, 14147601.843885647 4517629.884320375, 14147597.93657152 4517631.962690934, 14147596.42751527 4517628.507283915))"
용마산로8다길,"LINESTRING (14147519.300483223 4517645.191248346, 14147482.83221804 4517663.615763823, 14147480.935460992 4517675.112489965)"
용마산로8다길,"LINESTRING (14147480.935460992 4517675.112489965, 14147476.731909946 4517700.591280351)"
용마산로8라길,"LINESTRING (14147639.269498449 4517652.49364389, 14147644.246738514 4517628.716552089)"
용마산로8다길,"LINESTRING (14147556.25169866 4517628.331088347, 14147519.300483223 4517645.191248346)"
용마산로8다길,"LINESTRING (14147607.123546893 4517641.912580366, 14147611.194722874 4517651.187638159, 14147607.074390776 4517653.2316387985)"
용마산로8다길,"MULTILINESTRING ((14147596.42751527 4517628.507283915, 14147597.93657152 4517631.962690934, 14147601.843885647 4517629.884320375, 14147607.123546893 4517641.912580366), (14147607.074390776 4517653.2316387985, 14147538.414039794 4517687.292437294, 14147519.300483223 4517645.191248346))"
용마산로8라길,"LINESTRING (14147644.246738514 4517628.716552089, 14147639.269498449 4517652.49364389)"
용마산로8다길,"LINESTRING (14147511.556897959 4517628.135074266, 14147519.300483223 4517645.191248346)"
용마산로8가길,"LINESTRING (14147454.422700264 4517627.884182576, 14147445.796223454 4517632.089078344)"
용마산로8가길,"LINESTRING (14147481.19796322 4517614.832830052, 14147454.422700264 4517627.884182576)"
용마산로8가길,"LINESTRING (14147462.193584446 4517523.227953092, 14147481.627874717 4517516.107651161)"
용마산로8가길,"LINESTRING (14147465.29018661 4517501.355604525, 14147467.692767292 4517484.385364461)"
용마산로8가길,"LINESTRING (14147462.193584446 4517523.227953092, 14147465.29018661 4517501.355604525)"
용마산로8가길,"LINESTRING (14147462.193584446 4517523.227953092, 14147458.75381218 4517546.019604223)"
용마산로8가길,"LINESTRING (14147481.627874717 4517516.107651161, 14147462.193584446 4517523.227953092)"
긴고랑로37길,"LINESTRING (14147467.692767292 4517484.385364461, 14147481.79155356 4517478.519579447)"
용마산로8가길,"LINESTRING (14147467.692767292 4517484.385364461, 14147480.539036531 4517401.434592359)"
용마산로8가길,"LINESTRING (14147467.692767292 4517484.385364461, 14147465.29018661 4517501.355604525)"
용마산로8가길,"LINESTRING (14147465.29018661 4517501.355604525, 14147462.193584446 4517523.227953092)"
긴고랑로37길,"LINESTRING (14147481.79155356 4517478.519579447, 14147467.692767292 4517484.385364461)"
긴고랑로39길,"LINESTRING (14147906.336088814 4517373.405328259, 14147900.747120371 4517376.684533222)"
긴고랑로39길,"LINESTRING (14147900.747120371 4517376.684533222, 14147860.253382709 4517400.443347901)"
긴고랑로41길,"LINESTRING (14147906.336088814 4517373.405328259, 14147893.723590506 4517339.365882041)"
긴고랑로39길,"LINESTRING (14147986.525444413 4517346.701151742, 14148047.24430026 4517334.436912002)"
긴고랑로39길,"LINESTRING (14147906.336088814 4517373.405328259, 14147946.52242499 4517354.489830242, 14147975.28738141 4517348.971061096, 14147986.525444413 4517346.701151742)"
긴고랑로39길,"LINESTRING (14148047.24430026 4517334.436912002, 14147986.525444413 4517346.701151742)"
긴고랑로39길,"LINESTRING (14147986.525444413 4517346.701151742, 14147975.28738141 4517348.971061096, 14147946.52242499 4517354.489830242, 14147906.336088814 4517373.405328259)"
용마산로8길,"LINESTRING (14147893.723590506 4517339.365882041, 14147861.329618685 4517347.805519892)"
긴고랑로41길,"LINESTRING (14147893.723590506 4517339.365882041, 14147883.270690322 4517280.625629467)"
긴고랑로41길,"LINESTRING (14147893.723590506 4517339.365882041, 14147906.336088814 4517373.405328259)"
용마산로8길,"LINESTRING (14147861.329618685 4517347.805519892, 14147893.723590506 4517339.365882041)"
용마산로8길,"LINESTRING (14147861.329618685 4517347.805519892, 14147860.48000998 4517347.96417918)"
"용마산로8길, 긴고랑로39길","LINESTRING (14147861.329618685 4517347.805519892, 14147867.251815595 4517364.993755134, 14147860.39199592 4517368.345545305)"
용마산로8길,"LINESTRING (14147860.48000998 4517347.96417918, 14147861.329618685 4517347.805519892)"
용마산로8길,"LINESTRING (14147482.127151076 4517401.450216604, 14147480.539036531 4517401.434592359)"
영화사로7길,"LINESTRING (14147987.543657348 4517093.397663363, 14147987.615887458 4517093.478394129)"
영화사로3가길,"LINESTRING (14147987.543657348 4517093.397663363, 14147987.617143575 4517093.186686299)"
영화사로3가길,"LINESTRING (14147987.543657348 4517093.397663363, 14147954.070779312 4517123.771174075)"
영화사로7길,"LINESTRING (14147987.543657348 4517093.397663363, 14147957.687769914 4517057.561716725, 14147923.735325225 4517038.323817943)"
영화사로9길,"LINESTRING (14148022.609296946 4516992.700650483, 14148025.927369924 4516997.512827144)"
영화사로9길,"LINESTRING (14148022.609296946 4516992.700650483, 14148006.779665357 4516970.359553623)"
영화사로3가길,"LINESTRING (14148022.609296946 4516992.700650483, 14148020.941493528 4516997.491205801)"
영화사로5길,"LINESTRING (14147861.635868719 4517080.295687366, 14147883.181634728 4517104.996628496)"
영화사로3가길,"LINESTRING (14147954.070779312 4517123.771174075, 14147987.543657348 4517093.397663363)"
영화사로5길,"LINESTRING (14147899.353367912 4517123.533221461, 14147883.181634728 4517104.996628496)"
긴고랑로40길,"LINESTRING (14147883.181634728 4517104.996628496, 14147861.794730807 4517123.369888151)"
영화사로5길,"LINESTRING (14147883.181634728 4517104.996628496, 14147899.353367912 4517123.533221461)"
영화사로5길,"LINESTRING (14147883.181634728 4517104.996628496, 14147861.635868719 4517080.295687366)"
긴고랑로40길,"LINESTRING (14147861.794730807 4517123.369888151, 14147883.181634728 4517104.996628496)"
천호대로137길,"LINESTRING (14147988.75718339 4516111.401381905, 14147991.81335733 4516118.587713073)"
자양로44길,"LINESTRING (14147991.937112596 4516089.84081237, 14148050.906711508 4516057.715266632)"
자양로44길,"LINESTRING (14148151.172176862 4516010.144693188, 14148225.22190214 4516024.466389715)"
자양로44나길,"LINESTRING (14148151.172176862 4516010.144693188, 14148134.520038305 4516112.033177737)"
자양로44길,"LINESTRING (14148151.172176862 4516010.144693188, 14148140.418714054 4516008.951219362, 14148118.25745042 4516021.0241579255)"
자양로44길,"LINESTRING (14148118.25745042 4516021.0241579255, 14148050.906711508 4516057.715266632)"
자양로44길,"LINESTRING (14148225.22190214 4516024.466389715, 14148151.172176862 4516010.144693188)"
자양로44다길,"LINESTRING (14148225.22190214 4516024.466389715, 14148212.242049513 4516103.23607095, 14148214.378288958 4516112.378440189)"
자양로44길,"LINESTRING (14148244.23966146 4516030.806599809, 14148275.382464692 4516041.189101346, 14148331.50975195 4516081.795494711)"
자양로44길,"LINESTRING (14148225.22190214 4516024.466389715, 14148244.23966146 4516030.806599809)"
자양로44길,"LINESTRING (14148331.50975195 4516081.795494711, 14148305.657400547 4516112.772333091)"
자양로44길,"LINESTRING (14148331.50975195 4516081.795494711, 14148350.623308519 4516104.48571951, 14148352.783965888 4516112.975512111)"
자양로44길,"LINESTRING (14148331.50975195 4516081.795494711, 14148275.382464692 4516041.189101346, 14148244.23966146 4516030.806599809)"
자양로44길,"LINESTRING (14148244.23966146 4516030.806599809, 14148225.22190214 4516024.466389715)"
자양로44길,"LINESTRING (14148352.783965888 4516112.975512111, 14148350.623308519 4516104.48571951, 14148331.50975195 4516081.795494711)"
자양로44길,"LINESTRING (14148304.721303146 4516239.328111026, 14148253.574976444 4516301.524870112)"
자양로52길,"LINESTRING (14148115.817106588 4516384.3265095875, 14148100.243509825 4516405.458794857)"
자양로44길,"LINESTRING (14148221.28140439 4516365.52941407, 14148196.557133261 4516412.633952584)"
자양로44길,"LINESTRING (14148242.990839439 4516322.511255287, 14148253.574976444 4516301.524870112)"
자양로48길,"LINESTRING (14148222.309871424 4516365.533860874, 14148242.120200843 4516385.64639858)"
자양로48길,"LINESTRING (14148117.166807605 4516275.070933151, 14148109.961701373 4516268.87899087)"
영화사로16길,"LINESTRING (14148241.846690737 4516589.746761824, 14148216.338606775 4516559.353667597)"
자양로50가길,"LINESTRING (14148030.546376642 4516469.951142589, 14148044.194430536 4516491.325674607)"
자양로50가길,"LINESTRING (14148044.194430536 4516491.325674607, 14148109.060013497 4516592.913160317)"
자양로50가길,"LINESTRING (14148030.546376642 4516469.951142589, 14147990.5874815 4516403.330704872)"
자양로50가길,"LINESTRING (14147967.254251566 4516364.428978832, 14147950.663510047 4516336.768492773)"
자양로52길,"LINESTRING (14148030.546376642 4516469.951142589, 14148057.318714175 4516445.181990113)"
자양로52길,"LINESTRING (14148030.546376642 4516469.951142589, 14147998.422848834 4516491.127211043)"
자양로52길,"LINESTRING (14147998.422848834 4516491.127211043, 14147990.186106287 4516496.556932992)"
영화사로11길,"LINESTRING (14148065.767863525 4516813.65024639, 14148114.698534342 4516849.952147882)"
영화사로11길,"LINESTRING (14148114.698534342 4516849.952147882, 14148130.232980646 4516861.47722878)"
영화사로11길,"LINESTRING (14148065.767863525 4516813.65024639, 14147989.065497026 4516756.824575696)"
영화사로15길,"LINESTRING (14148130.232980646 4516861.47722878, 14148155.70288014 4516827.692203283)"
"영화사로13길, 영화사로11길","LINESTRING (14148138.490303598 4516871.431796759, 14148168.181795059 4516907.226202753, 14148196.779772243 4516886.949468921, 14148196.779772243 4516881.234357827, 14148189.428355038 4516871.6520672515)"
"영화사로13길, 영화사로11길","MULTILINESTRING ((14148130.232980646 4516861.47722878, 14148138.490303598 4516871.431796759), (14148189.428355038 4516871.6520672515, 14148155.70288014 4516827.692203283))"
영화사로11길,"LINESTRING (14148114.698534342 4516849.952147882, 14148065.767863525 4516813.65024639)"
영화사로11길,"LINESTRING (14148130.232980646 4516861.47722878, 14148114.698534342 4516849.952147882)"
영화사로15길,"LINESTRING (14148155.70288014 4516827.692203283, 14148130.232980646 4516861.47722878)"
"영화사로13길, 영화사로11길","LINESTRING (14148189.428355038 4516871.6520672515, 14148196.779772243 4516881.234357827, 14148196.779772243 4516886.949468921, 14148168.181795059 4516907.226202753, 14148138.490303598 4516871.431796759)"
"영화사로13길, 영화사로11길","MULTILINESTRING ((14148155.70288014 4516827.692203283, 14148189.428355038 4516871.6520672515), (14148138.490303598 4516871.431796759, 14148130.232980646 4516861.47722878))"
영화사로13길,"LINESTRING (14148114.922612162 4516797.765887422, 14148091.237763021 4516780.384925704)"
영화사로13길,"LINESTRING (14148155.70288014 4516827.692203283, 14148114.922612162 4516797.765887422)"
영화사로15길,"LINESTRING (14148155.70288014 4516827.692203283, 14148180.571654383 4516793.865161106, 14148116.551815229 4516747.55500838)"
영화사로13길,"LINESTRING (14148091.237763021 4516780.384925704, 14148043.025173254 4516744.4507652)"
영화사로13길,"LINESTRING (14148043.025173254 4516744.4507652, 14147994.40093798 4516708.209794051)"
영화사로13길,"LINESTRING (14148091.237763021 4516780.384925704, 14148114.922612162 4516797.765887422)"
영화사로13길,"LINESTRING (14148114.922612162 4516797.765887422, 14148155.70288014 4516827.692203283)"
천호대로137길,"LINESTRING (14147976.200201236 4516232.315727023, 14147991.566599153 4516175.905348965)"
천호대로137길,"LINESTRING (14147976.200201236 4516232.315727023, 14147974.834797539 4516237.900639788)"
천호대로137길,"LINESTRING (14147974.834797539 4516237.900639788, 14147950.663510047 4516336.768492773)"
자양로48길,"LINESTRING (14147976.200201236 4516232.315727023, 14147991.30595801 4516236.447756796)"
자양로48길,"LINESTRING (14147996.968925383 4516237.996805291, 14148023.06570686 4516245.135320735)"
자양로48길,"LINESTRING (14147976.200201236 4516232.315727023, 14147950.663510047 4516227.246866812, 14147933.121443026 4516237.719279771)"
자양로48길,"LINESTRING (14147933.121443026 4516237.719279771, 14147865.098486882 4516278.328204965)"
자양로44나길,"LINESTRING (14148109.961701373 4516268.87899087, 14148117.290252643 4516246.317640309)"
자양로48길,"LINESTRING (14148109.961701373 4516268.87899087, 14148117.166807605 4516275.070933151)"
자양로48길,"LINESTRING (14148109.961701373 4516268.87899087, 14148040.431547426 4516249.881242214)"
자양로48길,"LINESTRING (14148242.120200843 4516385.64639858, 14148222.309871424 4516365.533860874)"
자양로50가길,"LINESTRING (14148044.194430536 4516491.325674607, 14148030.546376642 4516469.951142589)"
자양로50가길,"LINESTRING (14148109.060013497 4516592.913160317, 14148044.194430536 4516491.325674607)"
자양로54길,"LINESTRING (14148109.060013497 4516592.913160317, 14148115.836060459 4516585.023457208)"
자양로54길,"LINESTRING (14148115.836060459 4516585.023457208, 14148134.385197653 4516563.425734199)"
자양로54길,"LINESTRING (14148083.441320471 4516618.060177525, 14148060.179625088 4516640.8935926985)"
자양로54길,"LINESTRING (14148109.060013497 4516592.913160317, 14148083.441320471 4516618.060177525)"
자양로50가길,"LINESTRING (14148109.060013497 4516592.913160317, 14148115.740723532 4516607.22825273)"
자양로50가길,"LINESTRING (14148115.740723532 4516607.22825273, 14148120.871589322 4516618.222416156)"
자양로50가길,"LINESTRING (14148120.871589322 4516618.222416156, 14148134.40746155 4516647.226408374, 14148175.139263231 4516672.571751157)"
영화사로16길,"LINESTRING (14148175.139263231 4516672.571751157, 14148204.160254482 4516671.027157874)"
영화사로16길,"LINESTRING (14148175.139263231 4516672.571751157, 14148120.893275369 4516693.100821724)"
자양로50가길,"LINESTRING (14148115.740723532 4516607.22825273, 14148109.060013497 4516592.913160317)"
자양로50가길,"LINESTRING (14148120.871589322 4516618.222416156, 14148115.740723532 4516607.22825273)"
자양로50가길,"LINESTRING (14148175.139263231 4516672.571751157, 14148134.40746155 4516647.226408374, 14148120.871589322 4516618.222416156)"
자양로54길,"LINESTRING (14148182.263710642 4516507.680684226, 14148160.033208331 4516533.559268733)"
자양로54길,"LINESTRING (14148182.263710642 4516507.680684226, 14148183.421433346 4516520.121493314)"
자양로54길,"LINESTRING (14148180.793991271 4516491.917183511, 14148178.634695243 4516468.757616323, 14148189.332498308 4516435.240646083)"
자양로54길,"LINESTRING (14148182.263710642 4516507.680684226, 14148180.793991271 4516491.917183511)"
자양로52길,"LINESTRING (14148086.02801085 4516418.615594685, 14148100.243509825 4516405.458794857)"
자양로52길,"LINESTRING (14148086.02801085 4516418.615594685, 14148057.318714175 4516445.181990113)"
자양로52길,"LINESTRING (14148086.02801085 4516418.615594685, 14148114.236369818 4516462.424908652, 14148116.348352484 4516465.705365127)"
자양로52길,"LINESTRING (14148116.348352484 4516465.705365127, 14148133.09092654 4516491.710922064)"
자양로52길,"LINESTRING (14148133.09092654 4516491.710922064, 14148160.033208331 4516533.559268733)"
자양로54길,"LINESTRING (14148160.033208331 4516533.559268733, 14148182.263710642 4516507.680684226)"
자양로54길,"LINESTRING (14148160.033208331 4516533.559268733, 14148134.385197653 4516563.425734199)"
자양로52길,"LINESTRING (14148116.348352484 4516465.705365127, 14148114.236369818 4516462.424908652, 14148086.02801085 4516418.615594685)"
자양로52길,"LINESTRING (14148133.09092654 4516491.710922064, 14148116.348352484 4516465.705365127)"
자양로52길,"LINESTRING (14148160.033208331 4516533.559268733, 14148133.09092654 4516491.710922064)"
영화사로16길,"LINESTRING (14148241.5071697 4516669.044010326, 14148204.160254482 4516671.027157874)"
영화사로16가길,"LINESTRING (14148218.299940273 4516618.6436965065, 14148209.525853937 4516608.302821423, 14148203.19177491 4516584.76900575)"
영화사로16가길,"LINESTRING (14148241.6053624 4516646.110768267, 14148218.299940273 4516618.6436965065)"
영화사로16길,"LINESTRING (14148120.893275369 4516693.100821724, 14148175.139263231 4516672.571751157)"
영화사로16길,"LINESTRING (14148377.273194615 4516576.737190558, 14148367.900794184 4516584.315509259)"
영화사로16길,"LINESTRING (14148377.273194615 4516576.737190558, 14148417.71556562 4516544.048327993)"
영화사로16나길,"LINESTRING (14148377.273194615 4516576.737190558, 14148367.983680561 4516564.902102143)"
영화사로16나길,"LINESTRING (14148275.092391979 4516492.324519701, 14148242.305036515 4516482.694732361)"
영화사로16나길,"LINESTRING (14148242.305036515 4516482.694732361, 14148223.106831813 4516477.056137054, 14148209.298568718 4516492.040433357)"
영화사로16나길,"LINESTRING (14148209.298568718 4516492.040433357, 14148183.421433346 4516520.121493314)"
영화사로16가길,"LINESTRING (14148216.338606775 4516559.353667597, 14148203.19177491 4516584.76900575)"
영화사로16가길,"LINESTRING (14148216.338606775 4516559.353667597, 14148242.086664079 4516533.698336537)"
영화사로16길,"LINESTRING (14148216.338606775 4516559.353667597, 14148241.846690737 4516589.746761824)"
영화사로16길,"LINESTRING (14148216.338606775 4516559.353667597, 14148183.421433346 4516520.121493314)"
영화사로16가길,"LINESTRING (14148203.19177491 4516584.76900575, 14148216.338606775 4516559.353667597)"
영화사로16가길,"LINESTRING (14148203.19177491 4516584.76900575, 14148209.525853937 4516608.302821423, 14148218.299940273 4516618.6436965065)"
영화사로16가길,"LINESTRING (14148218.299940273 4516618.6436965065, 14148241.6053624 4516646.110768267)"
영화사로16길,"LINESTRING (14148203.19177491 4516584.76900575, 14148192.33812456 4516586.580377511, 14148168.23388152 4516618.427210785)"
영화사로16길,"LINESTRING (14148168.23388152 4516618.427210785, 14148166.990676504 4516620.069749108, 14148204.160254482 4516671.027157874)"
영화사로16가길,"LINESTRING (14148242.086664079 4516533.698336537, 14148216.338606775 4516559.353667597)"
영화사로15길,"LINESTRING (14148115.142584762 4516746.53570644, 14148112.677629717 4516744.752794759)"
영화사로15길,"LINESTRING (14148116.551815229 4516747.55500838, 14148115.142584762 4516746.53570644)"
영화사로15길,"LINESTRING (14148112.677629717 4516744.752794759, 14148032.472203832 4516686.739894731)"
영화사로15길,"LINESTRING (14148116.551815229 4516747.55500838, 14148180.571654383 4516793.865161106, 14148155.70288014 4516827.692203283)"
영화사로9길,"LINESTRING (14148025.927369924 4516997.512827144, 14148022.609296946 4516992.700650483)"
영화사로9길,"LINESTRING (14148099.799916157 4516997.833176773, 14148106.444005463 4516978.293375771)"
영화사로9길,"LINESTRING (14148106.444005463 4516978.293375771, 14148099.799916157 4516997.833176773)"
영화사로9가길,"LINESTRING (14148106.444005463 4516978.293375771, 14148109.191200295 4516997.873902246)"
영화사로9가길,"LINESTRING (14148106.444005463 4516978.293375771, 14148104.495914374 4516943.20205574, 14148083.078044346 4516912.44985523, 14148056.80664452 4516884.983582689, 14148028.087869506 4516870.953339013)"
영화사로9가길,"LINESTRING (14148028.087869506 4516870.953339013, 14148020.360643232 4516867.178287065)"
영화사로9가길,"LINESTRING (14148019.868452752 4516870.917696519, 14148006.779665357 4516970.359553623)"
영화사로9가길,"LINESTRING (14148020.360643232 4516867.178287065, 14148019.868452752 4516870.917696519)"
영화사로9가길,"LINESTRING (14148020.360643232 4516867.178287065, 14147988.67312453 4516847.951028962)"
영화사로9가길,"LINESTRING (14148028.087869506 4516870.953339013, 14148056.80664452 4516884.983582689, 14148083.078044346 4516912.44985523, 14148104.495914374 4516943.20205574, 14148106.444005463 4516978.293375771)"
영화사로9가길,"LINESTRING (14148020.360643232 4516867.178287065, 14148028.087869506 4516870.953339013)"
영화사로16길,"LINESTRING (14148204.160254482 4516671.027157874, 14148241.5071697 4516669.044010326)"
영화사로16길,"LINESTRING (14148204.160254482 4516671.027157874, 14148175.139263231 4516672.571751157)"
영화사로16길,"LINESTRING (14148168.23388152 4516618.427210785, 14148192.33812456 4516586.580377511, 14148203.19177491 4516584.76900575)"
영화사로16길,"LINESTRING (14148204.160254482 4516671.027157874, 14148166.990676504 4516620.069749108, 14148168.23388152 4516618.427210785)"
자양로48길,"LINESTRING (14148040.431547426 4516249.881242214, 14148109.961701373 4516268.87899087)"
자양로48길,"LINESTRING (14148040.431547426 4516249.881242214, 14148023.06570686 4516245.135320735)"
자양로44가길,"LINESTRING (14148075.67801412 4516111.778267499, 14148073.760602966 4516101.4388238415, 14148050.906711508 4516057.715266632)"
자양로44가길,"LINESTRING (14148040.431547426 4516249.881242214, 14148043.997537965 4516238.20070607)"
자양로44길,"LINESTRING (14148050.906711508 4516057.715266632, 14147991.937112596 4516089.84081237)"
자양로44가길,"LINESTRING (14148050.906711508 4516057.715266632, 14148073.760602966 4516101.4388238415, 14148075.67801412 4516111.778267499)"
자양로44가길,"LINESTRING (14148043.997537965 4516238.20070607, 14148040.431547426 4516249.881242214)"
자양로44길,"LINESTRING (14148118.25745042 4516021.0241579255, 14148140.418714054 4516008.951219362, 14148151.172176862 4516010.144693188)"
자양로44길,"LINESTRING (14148050.906711508 4516057.715266632, 14148118.25745042 4516021.0241579255)"
자양로44나길,"LINESTRING (14148134.520038305 4516112.033177737, 14148151.172176862 4516010.144693188)"
자양로44다길,"LINESTRING (14148214.378288958 4516112.378440189, 14148212.242049513 4516103.23607095, 14148225.22190214 4516024.466389715)"
자양로44나길,"LINESTRING (14148117.290252643 4516246.317640309, 14148109.961701373 4516268.87899087)"
자양로44길,"LINESTRING (14147865.682776332 4516142.986247914, 14147943.146754598 4516111.203084738)"
긴고랑로42길,"LINESTRING (14147934.87840625 4517266.709447734, 14147933.887662785 4517295.566939036)"
긴고랑로42길,"LINESTRING (14147934.87840625 4517266.709447734, 14147933.153571244 4517250.252084226)"
긴고랑로42길,"LINESTRING (14147986.85449174 4517270.291602911, 14147989.603067927 4517271.44179, 14148045.41866061 4517279.5864790315)"
긴고랑로42길,"LINESTRING (14147934.87840625 4517266.709447734, 14147968.764059251 4517262.721362737, 14147986.85449174 4517270.291602911)"
영화사로3길,"LINESTRING (14148045.41866061 4517279.5864790315, 14148040.795376744 4517250.71955575)"
긴고랑로42길,"LINESTRING (14148112.270187918 4517415.450720361, 14148104.42912268 4517422.9902147725)"
긴고랑로42길,"LINESTRING (14148112.697908614 4517315.851590341, 14148115.394092523 4517317.304897452, 14148114.654941011 4517377.613247731)"
긴고랑로42길,"LINESTRING (14148045.41866061 4517279.5864790315, 14148112.697908614 4517315.851590341)"
긴고랑로42길,"LINESTRING (14148114.654941011 4517377.613247731, 14148114.21410592 4517413.581566303, 14148112.270187918 4517415.450720361)"
긴고랑로42길,"LINESTRING (14148045.41866061 4517279.5864790315, 14147989.603067927 4517271.44179, 14147986.85449174 4517270.291602911)"
긴고랑로42길,"LINESTRING (14147986.85449174 4517270.291602911, 14147968.764059251 4517262.721362737, 14147934.87840625 4517266.709447734)"
긴고랑로42길,"LINESTRING (14148104.42912268 4517422.9902147725, 14148112.270187918 4517415.450720361)"
긴고랑로42길,"LINESTRING (14148114.654941011 4517377.613247731, 14148115.394092523 4517317.304897452, 14148112.697908614 4517315.851590341)"
긴고랑로42길,"LINESTRING (14148112.697908614 4517315.851590341, 14148045.41866061 4517279.5864790315)"
긴고랑로42길,"LINESTRING (14148112.270187918 4517415.450720361, 14148114.21410592 4517413.581566303, 14148114.654941011 4517377.613247731)"
영화사로3길,"LINESTRING (14148040.795376744 4517250.71955575, 14148045.41866061 4517279.5864790315)"
자양로44길,"LINESTRING (14148243.122990547 4516291.643891633, 14148253.574976444 4516301.524870112)"
자양로44길,"LINESTRING (14148305.657400547 4516112.772333091, 14148331.50975195 4516081.795494711)"
천호대로137길,"LINESTRING (14147992.342418298 4515995.69227229, 14148002.326885724 4515993.281622696)"
자양로44길,"LINESTRING (14147943.146754598 4516111.203084738, 14147865.682776332 4516142.986247914)"
천호대로137길,"LINESTRING (14148002.326885724 4515993.281622696, 14147992.342418298 4515995.69227229)"
천호대로137길,"LINESTRING (14147992.193378761 4516030.312695126, 14148023.822679395 4516019.552079874)"
천호대로137길,"LINESTRING (14148023.822679395 4516019.552079874, 14147992.193378761 4516030.312695126)"
자양로48길,"LINESTRING (14148023.06570686 4516245.135320735, 14148040.431547426 4516249.881242214)"
자양로48길,"LINESTRING (14147991.30595801 4516236.447756796, 14147976.200201236 4516232.315727023)"
자양로48길,"LINESTRING (14148023.06570686 4516245.135320735, 14147996.968925383 4516237.996805291)"
자양로52길,"LINESTRING (14148057.318714175 4516445.181990113, 14148087.515724892 4516491.513513833)"
자양로52길,"LINESTRING (14148087.515724892 4516491.513513833, 14148116.049578568 4516535.293241927)"
자양로52길,"LINESTRING (14148116.049578568 4516535.293241927, 14148134.385197653 4516563.425734199)"
자양로52길,"LINESTRING (14148057.318714175 4516445.181990113, 14148086.02801085 4516418.615594685)"
자양로52길,"LINESTRING (14148057.318714175 4516445.181990113, 14148030.546376642 4516469.951142589)"
자양로54길,"LINESTRING (14148134.385197653 4516563.425734199, 14148160.033208331 4516533.559268733)"
자양로54길,"LINESTRING (14148115.836060459 4516585.023457208, 14148109.060013497 4516592.913160317)"
자양로54길,"LINESTRING (14148134.385197653 4516563.425734199, 14148115.836060459 4516585.023457208)"
자양로52길,"LINESTRING (14148087.515724892 4516491.513513833, 14148057.318714175 4516445.181990113)"
자양로52길,"LINESTRING (14148116.049578568 4516535.293241927, 14148087.515724892 4516491.513513833)"
자양로52길,"LINESTRING (14148134.385197653 4516563.425734199, 14148116.049578568 4516535.293241927)"
자양로52길,"LINESTRING (14148100.243509825 4516405.458794857, 14148116.583562352 4516410.921164805)"
자양로52길,"LINESTRING (14148116.583562352 4516410.921164805, 14148189.332498308 4516435.240646083)"
자양로52길,"LINESTRING (14148100.243509825 4516405.458794857, 14148115.817106588 4516384.3265095875)"
자양로52길,"LINESTRING (14148100.243509825 4516405.458794857, 14148086.02801085 4516418.615594685)"
자양로52길,"LINESTRING (14148116.583562352 4516410.921164805, 14148100.243509825 4516405.458794857)"
자양로52길,"LINESTRING (14148189.332498308 4516435.240646083, 14148116.583562352 4516410.921164805)"
자양로54길,"LINESTRING (14148189.332498308 4516435.240646083, 14148196.557133261 4516412.633952584)"
자양로54길,"LINESTRING (14148189.332498308 4516435.240646083, 14148178.634695243 4516468.757616323, 14148180.793991271 4516491.917183511)"
자양로54길,"LINESTRING (14148180.793991271 4516491.917183511, 14148182.263710642 4516507.680684226)"
영화사로16나길,"LINESTRING (14148367.983680561 4516564.902102143, 14148377.273194615 4516576.737190558)"
영화사로16길,"LINESTRING (14148367.900794184 4516584.315509259, 14148377.273194615 4516576.737190558)"
영화사로7길,"LINESTRING (14147896.70695286 4517022.989693297, 14147923.735325225 4517038.323817943)"
영화사로7길,"LINESTRING (14147896.70695286 4517022.989693297, 14147861.968339328 4517003.300635023)"
영화사로7길,"LINESTRING (14147896.70695286 4517022.989693297, 14147912.012312112 4516997.017912932)"
영화사로7길,"LINESTRING (14147912.012312112 4516997.017912932, 14147896.70695286 4517022.989693297)"
영화사로7길,"LINESTRING (14147923.735325225 4517038.323817943, 14147896.70695286 4517022.989693297)"
영화사로7길,"LINESTRING (14147923.735325225 4517038.323817943, 14147947.70055149 4516997.173107311)"
영화사로7길,"LINESTRING (14147923.735325225 4517038.323817943, 14147957.687769914 4517057.561716725, 14147987.543657348 4517093.397663363)"
영화사로9길,"LINESTRING (14147988.160687502 4516966.958702932, 14148006.779665357 4516970.359553623)"
영화사로7길,"LINESTRING (14147947.70055149 4516997.173107311, 14147923.735325225 4517038.323817943)"
영화사로3가길,"LINESTRING (14148020.941493528 4516997.491205801, 14148022.609296946 4516992.700650483)"
영화사로3가길,"LINESTRING (14147987.617143575 4517093.186686299, 14147987.543657348 4517093.397663363)"
긴고랑로46길,"LINESTRING (14148177.488104487 4517468.882072168, 14148215.192016019 4517470.862110937)"
긴고랑로46길,"LINESTRING (14148177.488104487 4517468.882072168, 14148135.375941122 4517468.559087157)"
긴고랑로46길,"LINESTRING (14148183.474054066 4517377.91087955, 14148186.193288667 4517336.585437118)"
긴고랑로46길,"LINESTRING (14148177.488104487 4517468.882072168, 14148183.474054066 4517377.91087955)"
긴고랑로46길,"LINESTRING (14148267.311801609 4517473.614505876, 14148250.224259771 4517472.743850255)"
영화사로9길,"LINESTRING (14148172.334012063 4517253.074135249, 14148172.893421039 4517251.291713619)"
긴고랑로46길,"LINESTRING (14148172.334012063 4517253.074135249, 14148171.026618207 4517251.283640252)"
긴고랑로46길,"LINESTRING (14148172.334012063 4517253.074135249, 14148190.089470847 4517277.409880479, 14148186.193288667 4517336.585437118)"
용마산로28가길,"LINESTRING (14147248.658264732 4518639.643210186, 14147255.01688013 4518589.896735119)"
용마산로28가길,"LINESTRING (14147244.831146723 4518669.584576154, 14147248.658264732 4518639.643210186)"
용마산로28길,"LINESTRING (14147239.142720744 4518485.393385636, 14147247.824236171 4518513.051087)"
용마산로28길,"LINESTRING (14147247.824236171 4518513.051087, 14147259.914937725 4518551.569824383)"
용마산로26길,"LINESTRING (14147239.142720744 4518485.393385636, 14147236.53784466 4518474.481054682, 14147225.35105096 4518473.572117657)"
용마산로26길,"LINESTRING (14147239.142720744 4518485.393385636, 14147264.089418631 4518478.638131798, 14147264.089418631 4518471.882882324, 14147296.327543162 4518464.088369119)"
용마산로32길,"LINESTRING (14147242.88122251 4518766.207684173, 14147242.905319532 4518764.84843687)"
용마산로32길,"LINESTRING (14147242.905319532 4518764.84843687, 14147224.07622581 4518764.641051771)"
용마산로32길,"LINESTRING (14147350.131192723 4518765.09957023, 14147374.830048071 4518765.1574173365)"
용마산로32길,"LINESTRING (14147242.905319532 4518764.84843687, 14147350.131192723 4518765.09957023)"
용마산로32길,"LINESTRING (14147242.905319532 4518764.84843687, 14147242.88122251 4518766.207684173)"
용마산로8가길,"LINESTRING (14147395.123591242 4517968.523737452, 14147400.667301884 4517931.67366503, 14147406.689686337 4517891.692044998)"
용마산로10길,"LINESTRING (14147393.420403033 4517533.240545411, 14147355.894602688 4517528.044668817)"
긴고랑로35길,"LINESTRING (14147398.364237785 4517501.0612931065, 14147413.001501465 4517405.787841515)"
긴고랑로35길,"LINESTRING (14147393.420403033 4517533.240545411, 14147398.364237785 4517501.0612931065)"
용마산로10길,"LINESTRING (14147393.420403033 4517533.240545411, 14147392.74135414 4517537.635978164)"
용마산로12길,"LINESTRING (14147386.35161537 4517579.259273159, 14147452.419733156 4517588.134437099)"
용마산로12길,"LINESTRING (14147386.35161537 4517579.259273159, 14147355.325918376 4517575.641576195)"
용마산로10길,"LINESTRING (14147386.35161537 4517579.259273159, 14147392.74135414 4517537.635978164)"
용마산로12길,"LINESTRING (14147386.35161537 4517579.259273159, 14147379.79489736 4517621.96404717)"
용마산로14길,"LINESTRING (14147417.322513442 4517627.721026692, 14147445.796223454 4517632.089078344)"
용마산로14길,"LINESTRING (14147379.79489736 4517621.96404717, 14147417.322513442 4517627.721026692)"
용마산로14길,"LINESTRING (14147379.79489736 4517621.96404717, 14147355.137188636 4517618.862543251)"
용마산로12길,"LINESTRING (14147379.79489736 4517621.96404717, 14147386.35161537 4517579.259273159)"
용마산로14길,"LINESTRING (14147378.935964262 4517627.552213758, 14147373.282707147 4517664.331961344)"
용마산로14길,"LINESTRING (14147379.79489736 4517621.96404717, 14147378.935964262 4517627.552213758)"
용마산로16길,"LINESTRING (14147359.74625707 4517752.466760046, 14147368.079666218 4517754.082339244)"
용마산로16길,"LINESTRING (14147359.74625707 4517752.466760046, 14147354.557010239 4517751.725050689)"
용마산로14길,"LINESTRING (14147359.74625707 4517752.466760046, 14147366.826176682 4517706.320882149)"
용마산로16길,"LINESTRING (14147359.74625707 4517752.466760046, 14147359.503819237 4517754.044623929)"
용마산로16길,"LINESTRING (14147359.503819237 4517754.044623929, 14147359.74625707 4517752.466760046)"
용마산로8가길,"LINESTRING (14147353.983263915 4517883.11002794, 14147406.689686337 4517891.692044998)"
용마산로8가길,"LINESTRING (14147436.400858428 4517694.440387797, 14147427.380389387 4517754.343135112)"
용마산로8가길,"LINESTRING (14147436.400858428 4517694.440387797, 14147476.731909946 4517700.591280351)"
용마산로8가길,"LINESTRING (14147436.400858428 4517694.440387797, 14147443.235875163 4517649.081177645, 14147445.796223454 4517632.089078344)"
용마산로8가길,"LINESTRING (14147520.235566944 4517694.229740856, 14147517.241072644 4517706.770262815, 14147480.821790017 4517701.215121862)"
용마산로8가길,"LINESTRING (14147480.821790017 4517701.215121862, 14147476.731909946 4517700.591280351)"
자양로46길,"LINESTRING (14147865.409600768 4516206.263926048, 14147991.69879757 4516145.197954608)"
자양로48길,"LINESTRING (14147933.121443026 4516237.719279771, 14147950.663510047 4516227.246866812, 14147976.200201236 4516232.315727023)"
자양로48길,"LINESTRING (14147865.098486882 4516278.328204965, 14147933.121443026 4516237.719279771)"
자양로52길,"LINESTRING (14147998.422848834 4516491.127211043, 14148030.546376642 4516469.951142589)"
자양로52길,"LINESTRING (14147990.186106287 4516496.556932992, 14147998.422848834 4516491.127211043)"
영화사로16길,"LINESTRING (14148417.71556562 4516544.048327993, 14148377.273194615 4516576.737190558)"
영화사로16길,"LINESTRING (14148183.421433346 4516520.121493314, 14148216.338606775 4516559.353667597)"
자양로54길,"LINESTRING (14148183.421433346 4516520.121493314, 14148182.263710642 4516507.680684226)"
영화사로16나길,"LINESTRING (14148242.305036515 4516482.694732361, 14148275.092391979 4516492.324519701)"
영화사로16나길,"LINESTRING (14148209.298568718 4516492.040433357, 14148223.106831813 4516477.056137054, 14148242.305036515 4516482.694732361)"
영화사로16나길,"LINESTRING (14148183.421433346 4516520.121493314, 14148209.298568718 4516492.040433357)"
영화사로7길,"LINESTRING (14147861.968339328 4517003.300635023, 14147896.70695286 4517022.989693297)"
영화사로7길,"LINESTRING (14147987.615887458 4517093.478394129, 14147987.543657348 4517093.397663363)"
긴고랑로44길,"LINESTRING (14148122.61853405 4517251.074289702, 14148136.83422645 4517270.163916951, 14148148.778807813 4517294.0503389705, 14148145.76204961 4517333.383713578)"
긴고랑로42길,"LINESTRING (14147933.153571244 4517250.252084226, 14147934.87840625 4517266.709447734)"
영화사로11길,"LINESTRING (14147989.065497026 4516756.824575696, 14148065.767863525 4516813.65024639)"
영화사로9길,"LINESTRING (14148172.893421039 4517251.291713619, 14148172.334012063 4517253.074135249)"
영화사로9나길,"LINESTRING (14148239.719354633 4517086.573349262, 14148253.185358228 4517061.437385287, 14148239.866050515 4517052.31537441)"
영화사로9가길,"LINESTRING (14148109.191200295 4516997.873902246, 14148106.444005463 4516978.293375771)"
영화사로9나길,"LINESTRING (14148239.866050515 4517052.31537441, 14148253.185358228 4517061.437385287, 14148239.719354633 4517086.573349262)"
긴고랑로46길,"LINESTRING (14148171.026618207 4517251.283640252, 14148172.334012063 4517253.074135249)"
광장로1다길,"LINESTRING (14148915.0576999 4516115.381947137, 14148913.710688798 4516117.263033593, 14148903.513823442 4516132.006107689, 14148873.89233728 4516141.780343003)"
광장로1다길,"LINESTRING (14149000.806684123 4515930.618479242, 14148994.873729536 4515949.024967422, 14148982.590540452 4515989.110657214)"
광장로1다길,"LINESTRING (14148982.590540452 4515989.110657214, 14148979.901258023 4515997.887021432, 14148972.810206458 4516019.945224578, 14148953.496274808 4516061.702892409, 14148915.0576999 4516115.381947137)"
광장로1다길,"LINESTRING (14148873.89233728 4516141.780343003, 14148850.280842945 4516149.571454511)"
광장로1다길,"LINESTRING (14149031.348216616 4515862.760688201, 14149027.033930426 4515879.256527683, 14149002.744017536 4515924.60806672, 14149000.806684123 4515930.618479242)"
광장로1다길,"LINESTRING (14148873.89233728 4516141.780343003, 14148903.513823442 4516132.006107689, 14148913.710688798 4516117.263033593, 14148915.0576999 4516115.381947137)"
광장로1다길,"LINESTRING (14148982.590540452 4515989.110657214, 14148994.873729536 4515949.024967422, 14149000.806684123 4515930.618479242)"
광장로1다길,"LINESTRING (14148915.0576999 4516115.381947137, 14148953.496274808 4516061.702892409, 14148972.810206458 4516019.945224578, 14148979.901258023 4515997.887021432, 14148982.590540452 4515989.110657214)"
광장로1다길,"LINESTRING (14148850.280842945 4516149.571454511, 14148873.89233728 4516141.780343003)"
광장로1다길,"LINESTRING (14149000.806684123 4515930.618479242, 14149002.744017536 4515924.60806672, 14149027.033930426 4515879.256527683, 14149031.348216616 4515862.760688201)"
용마산로8다길,"LINESTRING (14147476.731909946 4517700.591280351, 14147471.678005062 4517731.177279221)"
용마산로8가길,"LINESTRING (14147476.731909946 4517700.591280351, 14147436.400858428 4517694.440387797)"
용마산로8다길,"LINESTRING (14147480.935460992 4517675.112489965, 14147482.83221804 4517663.615763823, 14147519.300483223 4517645.191248346)"
용마산로8다길,"LINESTRING (14147476.731909946 4517700.591280351, 14147480.935460992 4517675.112489965)"
용마산로8가길,"LINESTRING (14147480.821790017 4517701.215121862, 14147517.241072644 4517706.770262815, 14147520.235566944 4517694.229740856)"
용마산로8가길,"LINESTRING (14147476.731909946 4517700.591280351, 14147480.821790017 4517701.215121862)"
긴고랑로39길,"LINESTRING (14147900.747120371 4517376.684533222, 14147906.336088814 4517373.405328259)"
긴고랑로39길,"LINESTRING (14147860.253382709 4517400.443347901, 14147900.747120371 4517376.684533222)"
"용마산로8길, 긴고랑로39길","LINESTRING (14147860.39199592 4517368.345545305, 14147867.251815595 4517364.993755134, 14147861.329618685 4517347.805519892)"
용마산로28길,"LINESTRING (14147417.643524231 4518503.018860572, 14147386.329840627 4518513.661584014)"
용마산로28길,"LINESTRING (14147386.329840627 4518513.661584014, 14147371.156504877 4518518.818614344)"
용마산로28길,"LINESTRING (14147477.441229826 4518477.424524485, 14147518.799545513 4518464.76248895)"
용마산로28길,"LINESTRING (14147417.643524231 4518503.018860572, 14147421.584234204 4518501.670616022, 14147461.091521489 4518482.4300616905, 14147477.441229826 4518477.424524485)"
용마산로28다길,"LINESTRING (14147417.643524231 4518503.018860572, 14147441.05709822 4518513.902313246)"
용마산로28다길,"LINESTRING (14147441.05709822 4518513.902313246, 14147442.267395595 4518514.464902035, 14147450.53843376 4518518.607950803)"
용마산로28다길,"LINESTRING (14147441.05709822 4518513.902313246, 14147417.643524231 4518503.018860572)"
용마산로28다길,"LINESTRING (14147450.53843376 4518518.607950803, 14147442.267395595 4518514.464902035, 14147441.05709822 4518513.902313246)"
용마산로28다길,"LINESTRING (14147477.204599788 4518531.751435244, 14147486.784059964 4518536.331791519, 14147515.549016384 4518540.671468665, 14147548.644300995 4518544.014004392, 14147569.516705522 4518552.847853953)"
용마산로28다길,"LINESTRING (14147450.53843376 4518518.607950803, 14147468.66124686 4518527.666486879, 14147477.204599788 4518531.751435244)"
용마산로28다길,"LINESTRING (14147477.303308096 4518509.0897395825, 14147485.60407336 4518512.3020907855, 14147489.39067604 4518514.11477202)"
용마산로28다길,"LINESTRING (14147453.678959815 4518513.957833132, 14147461.180577079 4518502.850329995, 14147477.303308096 4518509.0897395825)"
용마산로28다길,"LINESTRING (14147489.39067604 4518514.11477202, 14147494.376049234 4518516.501315631, 14147504.127636628 4518521.164002049, 14147517.018433662 4518521.725771637, 14147526.781153005 4518522.147098849, 14147539.382519362 4518521.9504794795, 14147568.704073237 4518531.62696558)"
용마산로28다길,"LINESTRING (14147450.53843376 4518518.607950803, 14147453.678959815 4518513.957833132)"
용마산로28다길,"LINESTRING (14147489.39067604 4518514.11477202, 14147485.60407336 4518512.3020907855, 14147477.303308096 4518509.0897395825)"
용마산로28다길,"LINESTRING (14147477.303308096 4518509.0897395825, 14147461.180577079 4518502.850329995, 14147453.678959815 4518513.957833132)"
용마산로28다길,"LINESTRING (14147568.704073237 4518531.62696558, 14147539.382519362 4518521.9504794795, 14147526.781153005 4518522.147098849, 14147517.018433662 4518521.725771637, 14147504.127636628 4518521.164002049, 14147494.376049234 4518516.501315631, 14147489.39067604 4518514.11477202)"
용마산로28다길,"LINESTRING (14147453.678959815 4518513.957833132, 14147450.53843376 4518518.607950803)"
용마산로28가길,"LINESTRING (14147367.605413118 4518593.660616665, 14147350.882457199 4518593.101561285)"
용마산로28가길,"LINESTRING (14147350.882457199 4518593.101561285, 14147255.01688013 4518589.896735119)"
용마산로28가길,"LINESTRING (14147255.01688013 4518589.896735119, 14147259.914937725 4518551.569824383)"
용마산로28가길,"LINESTRING (14147255.01688013 4518589.896735119, 14147248.658264732 4518639.643210186)"
용마산로28가길,"LINESTRING (14147248.658264732 4518639.643210186, 14147244.831146723 4518669.584576154)"
용마산로28가길,"LINESTRING (14147350.882457199 4518593.101561285, 14147367.605413118 4518593.660616665)"
용마산로28가길,"LINESTRING (14147255.01688013 4518589.896735119, 14147350.882457199 4518593.101561285)"
긴고랑로46길,"LINESTRING (14148250.224259771 4517472.743850255, 14148267.311801609 4517473.614505876)"
긴고랑로46길,"LINESTRING (14148250.224259771 4517472.743850255, 14148238.068439707 4517472.090906506)"
긴고랑로46길,"LINESTRING (14148238.068439707 4517472.090906506, 14148215.192016019 4517470.862110937)"
긴고랑로46길,"LINESTRING (14148238.068439707 4517472.090906506, 14148250.224259771 4517472.743850255)"
긴고랑로46길,"LINESTRING (14148215.192016019 4517470.862110937, 14148238.068439707 4517472.090906506)"
긴고랑로46길,"LINESTRING (14148215.192016019 4517470.862110937, 14148177.488104487 4517468.882072168)"
긴고랑로46길,"LINESTRING (14148186.193288667 4517336.585437118, 14148183.474054066 4517377.91087955)"
긴고랑로46길,"LINESTRING (14148183.474054066 4517377.91087955, 14148177.488104487 4517468.882072168)"
긴고랑로46길,"LINESTRING (14148186.193288667 4517336.585437118, 14148190.089470847 4517277.409880479, 14148172.334012063 4517253.074135249)"
긴고랑로44길,"LINESTRING (14148145.76204961 4517333.383713578, 14148142.354498778 4517377.733043953)"
긴고랑로44길,"LINESTRING (14148142.354498778 4517377.733043953, 14148135.375941122 4517468.559087157)"
긴고랑로44길,"LINESTRING (14148145.76204961 4517333.383713578, 14148148.778807813 4517294.0503389705, 14148136.83422645 4517270.163916951, 14148122.61853405 4517251.074289702)"
자양로44길,"LINESTRING (14148253.574976444 4516301.524870112, 14148242.990839439 4516322.511255287)"
자양로44길,"LINESTRING (14148253.574976444 4516301.524870112, 14148304.721303146 4516239.328111026)"
자양로44길,"LINESTRING (14148253.574976444 4516301.524870112, 14148243.122990547 4516291.643891633)"
