gid_500,gid_100,gid,grid_x,grid_y,geometry
3,0,다사646527,1929,3905,"POLYGON ((964600 1952700, 964600 1952800, 964700 1952800, 964700 1952700, 964600 1952700))"
3,1,다사647527,1929,3905,"POLYGON ((964700 1952700, 964700 1952800, 964800 1952800, 964800 1952700, 964700 1952700))"
3,3,다사645526,1929,3905,"POLYGON ((964500 1952600, 964500 1952700, 964600 1952700, 964600 1952600, 964500 1952600))"
3,4,다사646526,1929,3905,"POLYGON ((964600 1952600, 964600 1952700, 964700 1952700, 964700 1952600, 964600 1952600))"
3,5,다사647526,1929,3905,"POLYGON ((964700 1952600, 964700 1952700, 964800 1952700, 964800 1952600, 964700 1952600))"
3,6,다사648526,1929,3905,"POLYGON ((964800 1952600, 964800 1952700, 964900 1952700, 964900 1952600, 964800 1952600))"
3,7,다사649526,1929,3905,"POLYGON ((964900 1952600, 964900 1952700, 965000 1952700, 965000 1952600, 964900 1952600))"
3,17,다사645525,1929,3905,"POLYGON ((964500 1952500, 964500 1952600, 964600 1952600, 964600 1952500, 964500 1952500))"
3,18,다사646525,1929,3905,"POLYGON ((964600 1952500, 964600 1952600, 964700 1952600, 964700 1952500, 964600 1952500))"
3,19,다사647525,1929,3905,"POLYGON ((964700 1952500, 964700 1952600, 964800 1952600, 964800 1952500, 964700 1952500))"
3,20,다사648525,1929,3905,"POLYGON ((964800 1952500, 964800 1952600, 964900 1952600, 964900 1952500, 964800 1952500))"
3,21,다사649525,1929,3905,"POLYGON ((964900 1952500, 964900 1952600, 965000 1952600, 965000 1952500, 964900 1952500))"
7,31,다사635524,1927,3904,"POLYGON ((963500 1952400, 963500 1952500, 963600 1952500, 963600 1952400, 963500 1952400))"
7,32,다사636524,1927,3904,"POLYGON ((963600 1952400, 963600 1952500, 963700 1952500, 963700 1952400, 963600 1952400))"
7,53,다사635523,1927,3904,"POLYGON ((963500 1952300, 963500 1952400, 963600 1952400, 963600 1952300, 963500 1952300))"
7,54,다사636523,1927,3904,"POLYGON ((963600 1952300, 963600 1952400, 963700 1952400, 963700 1952300, 963600 1952300))"
7,55,다사637523,1927,3904,"POLYGON ((963700 1952300, 963700 1952400, 963800 1952400, 963800 1952300, 963700 1952300))"
7,56,다사638523,1927,3904,"POLYGON ((963800 1952300, 963800 1952400, 963900 1952400, 963900 1952300, 963800 1952300))"
7,57,다사639523,1927,3904,"POLYGON ((963900 1952300, 963900 1952400, 964000 1952400, 964000 1952300, 963900 1952300))"
7,78,다사635522,1927,3904,"POLYGON ((963500 1952200, 963500 1952300, 963600 1952300, 963600 1952200, 963500 1952200))"
7,79,다사636522,1927,3904,"POLYGON ((963600 1952200, 963600 1952300, 963700 1952300, 963700 1952200, 963600 1952200))"
7,80,다사637522,1927,3904,"POLYGON ((963700 1952200, 963700 1952300, 963800 1952300, 963800 1952200, 963700 1952200))"
7,81,다사638522,1927,3904,"POLYGON ((963800 1952200, 963800 1952300, 963900 1952300, 963900 1952200, 963800 1952200))"
7,82,다사639522,1927,3904,"POLYGON ((963900 1952200, 963900 1952300, 964000 1952300, 964000 1952200, 963900 1952200))"
7,102,다사635521,1927,3904,"POLYGON ((963500 1952100, 963500 1952200, 963600 1952200, 963600 1952100, 963500 1952100))"
7,103,다사636521,1927,3904,"POLYGON ((963600 1952100, 963600 1952200, 963700 1952200, 963700 1952100, 963600 1952100))"
7,104,다사637521,1927,3904,"POLYGON ((963700 1952100, 963700 1952200, 963800 1952200, 963800 1952100, 963700 1952100))"
7,105,다사638521,1927,3904,"POLYGON ((963800 1952100, 963800 1952200, 963900 1952200, 963900 1952100, 963800 1952100))"
7,106,다사639521,1927,3904,"POLYGON ((963900 1952100, 963900 1952200, 964000 1952200, 964000 1952100, 963900 1952100))"
7,127,다사635520,1927,3904,"POLYGON ((963500 1952000, 963500 1952100, 963600 1952100, 963600 1952000, 963500 1952000))"
7,128,다사636520,1927,3904,"POLYGON ((963600 1952000, 963600 1952100, 963700 1952100, 963700 1952000, 963600 1952000))"
7,129,다사637520,1927,3904,"POLYGON ((963700 1952000, 963700 1952100, 963800 1952100, 963800 1952000, 963700 1952000))"
7,130,다사638520,1927,3904,"POLYGON ((963800 1952000, 963800 1952100, 963900 1952100, 963900 1952000, 963800 1952000))"
7,131,다사639520,1927,3904,"POLYGON ((963900 1952000, 963900 1952100, 964000 1952100, 964000 1952000, 963900 1952000))"
8,33,다사640524,1928,3904,"POLYGON ((964000 1952400, 964000 1952500, 964100 1952500, 964100 1952400, 964000 1952400))"
8,34,다사641524,1928,3904,"POLYGON ((964100 1952400, 964100 1952500, 964200 1952500, 964200 1952400, 964100 1952400))"
8,35,다사642524,1928,3904,"POLYGON ((964200 1952400, 964200 1952500, 964300 1952500, 964300 1952400, 964200 1952400))"
8,36,다사643524,1928,3904,"POLYGON ((964300 1952400, 964300 1952500, 964400 1952500, 964400 1952400, 964300 1952400))"
8,37,다사644524,1928,3904,"POLYGON ((964400 1952400, 964400 1952500, 964500 1952500, 964500 1952400, 964400 1952400))"
8,58,다사640523,1928,3904,"POLYGON ((964000 1952300, 964000 1952400, 964100 1952400, 964100 1952300, 964000 1952300))"
8,59,다사641523,1928,3904,"POLYGON ((964100 1952300, 964100 1952400, 964200 1952400, 964200 1952300, 964100 1952300))"
8,60,다사642523,1928,3904,"POLYGON ((964200 1952300, 964200 1952400, 964300 1952400, 964300 1952300, 964200 1952300))"
8,61,다사643523,1928,3904,"POLYGON ((964300 1952300, 964300 1952400, 964400 1952400, 964400 1952300, 964300 1952300))"
8,62,다사644523,1928,3904,"POLYGON ((964400 1952300, 964400 1952400, 964500 1952400, 964500 1952300, 964400 1952300))"
8,83,다사640522,1928,3904,"POLYGON ((964000 1952200, 964000 1952300, 964100 1952300, 964100 1952200, 964000 1952200))"
8,84,다사641522,1928,3904,"POLYGON ((964100 1952200, 964100 1952300, 964200 1952300, 964200 1952200, 964100 1952200))"
8,85,다사642522,1928,3904,"POLYGON ((964200 1952200, 964200 1952300, 964300 1952300, 964300 1952200, 964200 1952200))"
8,86,다사643522,1928,3904,"POLYGON ((964300 1952200, 964300 1952300, 964400 1952300, 964400 1952200, 964300 1952200))"
8,87,다사644522,1928,3904,"POLYGON ((964400 1952200, 964400 1952300, 964500 1952300, 964500 1952200, 964400 1952200))"
8,107,다사640521,1928,3904,"POLYGON ((964000 1952100, 964000 1952200, 964100 1952200, 964100 1952100, 964000 1952100))"
8,108,다사641521,1928,3904,"POLYGON ((964100 1952100, 964100 1952200, 964200 1952200, 964200 1952100, 964100 1952100))"
8,109,다사642521,1928,3904,"POLYGON ((964200 1952100, 964200 1952200, 964300 1952200, 964300 1952100, 964200 1952100))"
8,110,다사643521,1928,3904,"POLYGON ((964300 1952100, 964300 1952200, 964400 1952200, 964400 1952100, 964300 1952100))"
8,111,다사644521,1928,3904,"POLYGON ((964400 1952100, 964400 1952200, 964500 1952200, 964500 1952100, 964400 1952100))"
8,132,다사640520,1928,3904,"POLYGON ((964000 1952000, 964000 1952100, 964100 1952100, 964100 1952000, 964000 1952000))"
8,133,다사641520,1928,3904,"POLYGON ((964100 1952000, 964100 1952100, 964200 1952100, 964200 1952000, 964100 1952000))"
8,134,다사642520,1928,3904,"POLYGON ((964200 1952000, 964200 1952100, 964300 1952100, 964300 1952000, 964200 1952000))"
8,135,다사643520,1928,3904,"POLYGON ((964300 1952000, 964300 1952100, 964400 1952100, 964400 1952000, 964300 1952000))"
8,136,다사644520,1928,3904,"POLYGON ((964400 1952000, 964400 1952100, 964500 1952100, 964500 1952000, 964400 1952000))"
9,38,다사645524,1929,3904,"POLYGON ((964500 1952400, 964500 1952500, 964600 1952500, 964600 1952400, 964500 1952400))"
9,39,다사646524,1929,3904,"POLYGON ((964600 1952400, 964600 1952500, 964700 1952500, 964700 1952400, 964600 1952400))"
9,40,다사647524,1929,3904,"POLYGON ((964700 1952400, 964700 1952500, 964800 1952500, 964800 1952400, 964700 1952400))"
9,41,다사648524,1929,3904,"POLYGON ((964800 1952400, 964800 1952500, 964900 1952500, 964900 1952400, 964800 1952400))"
9,42,다사649524,1929,3904,"POLYGON ((964900 1952400, 964900 1952500, 965000 1952500, 965000 1952400, 964900 1952400))"
9,63,다사645523,1929,3904,"POLYGON ((964500 1952300, 964500 1952400, 964600 1952400, 964600 1952300, 964500 1952300))"
9,64,다사646523,1929,3904,"POLYGON ((964600 1952300, 964600 1952400, 964700 1952400, 964700 1952300, 964600 1952300))"
9,65,다사647523,1929,3904,"POLYGON ((964700 1952300, 964700 1952400, 964800 1952400, 964800 1952300, 964700 1952300))"
9,66,다사648523,1929,3904,"POLYGON ((964800 1952300, 964800 1952400, 964900 1952400, 964900 1952300, 964800 1952300))"
9,67,다사649523,1929,3904,"POLYGON ((964900 1952300, 964900 1952400, 965000 1952400, 965000 1952300, 964900 1952300))"
9,88,다사645522,1929,3904,"POLYGON ((964500 1952200, 964500 1952300, 964600 1952300, 964600 1952200, 964500 1952200))"
9,89,다사646522,1929,3904,"POLYGON ((964600 1952200, 964600 1952300, 964700 1952300, 964700 1952200, 964600 1952200))"
9,90,다사647522,1929,3904,"POLYGON ((964700 1952200, 964700 1952300, 964800 1952300, 964800 1952200, 964700 1952200))"
9,91,다사648522,1929,3904,"POLYGON ((964800 1952200, 964800 1952300, 964900 1952300, 964900 1952200, 964800 1952200))"
9,92,다사649522,1929,3904,"POLYGON ((964900 1952200, 964900 1952300, 965000 1952300, 965000 1952200, 964900 1952200))"
9,112,다사645521,1929,3904,"POLYGON ((964500 1952100, 964500 1952200, 964600 1952200, 964600 1952100, 964500 1952100))"
9,113,다사646521,1929,3904,"POLYGON ((964600 1952100, 964600 1952200, 964700 1952200, 964700 1952100, 964600 1952100))"
9,114,다사647521,1929,3904,"POLYGON ((964700 1952100, 964700 1952200, 964800 1952200, 964800 1952100, 964700 1952100))"
9,115,다사648521,1929,3904,"POLYGON ((964800 1952100, 964800 1952200, 964900 1952200, 964900 1952100, 964800 1952100))"
9,116,다사649521,1929,3904,"POLYGON ((964900 1952100, 964900 1952200, 965000 1952200, 965000 1952100, 964900 1952100))"
9,137,다사645520,1929,3904,"POLYGON ((964500 1952000, 964500 1952100, 964600 1952100, 964600 1952000, 964500 1952000))"
9,138,다사646520,1929,3904,"POLYGON ((964600 1952000, 964600 1952100, 964700 1952100, 964700 1952000, 964600 1952000))"
9,139,다사647520,1929,3904,"POLYGON ((964700 1952000, 964700 1952100, 964800 1952100, 964800 1952000, 964700 1952000))"
9,140,다사648520,1929,3904,"POLYGON ((964800 1952000, 964800 1952100, 964900 1952100, 964900 1952000, 964800 1952000))"
9,141,다사649520,1929,3904,"POLYGON ((964900 1952000, 964900 1952100, 965000 1952100, 965000 1952000, 964900 1952000))"
12,143,다사625519,1925,3903,"POLYGON ((962500 1951900, 962500 1952000, 962600 1952000, 962600 1951900, 962500 1951900))"
12,144,다사626519,1925,3903,"POLYGON ((962600 1951900, 962600 1952000, 962700 1952000, 962700 1951900, 962600 1951900))"
12,145,다사627519,1925,3903,"POLYGON ((962700 1951900, 962700 1952000, 962800 1952000, 962800 1951900, 962700 1951900))"
12,146,다사628519,1925,3903,"POLYGON ((962800 1951900, 962800 1952000, 962900 1952000, 962900 1951900, 962800 1951900))"
12,147,다사629519,1925,3903,"POLYGON ((962900 1951900, 962900 1952000, 963000 1952000, 963000 1951900, 962900 1951900))"
12,169,다사625518,1925,3903,"POLYGON ((962500 1951800, 962500 1951900, 962600 1951900, 962600 1951800, 962500 1951800))"
12,170,다사626518,1925,3903,"POLYGON ((962600 1951800, 962600 1951900, 962700 1951900, 962700 1951800, 962600 1951800))"
12,171,다사627518,1925,3903,"POLYGON ((962700 1951800, 962700 1951900, 962800 1951900, 962800 1951800, 962700 1951800))"
12,172,다사628518,1925,3903,"POLYGON ((962800 1951800, 962800 1951900, 962900 1951900, 962900 1951800, 962800 1951800))"
12,173,다사629518,1925,3903,"POLYGON ((962900 1951800, 962900 1951900, 963000 1951900, 963000 1951800, 962900 1951800))"
12,195,다사625517,1925,3903,"POLYGON ((962500 1951700, 962500 1951800, 962600 1951800, 962600 1951700, 962500 1951700))"
12,196,다사626517,1925,3903,"POLYGON ((962600 1951700, 962600 1951800, 962700 1951800, 962700 1951700, 962600 1951700))"
12,197,다사627517,1925,3903,"POLYGON ((962700 1951700, 962700 1951800, 962800 1951800, 962800 1951700, 962700 1951700))"
12,198,다사628517,1925,3903,"POLYGON ((962800 1951700, 962800 1951800, 962900 1951800, 962900 1951700, 962800 1951700))"
12,199,다사629517,1925,3903,"POLYGON ((962900 1951700, 962900 1951800, 963000 1951800, 963000 1951700, 962900 1951700))"
12,221,다사625516,1925,3903,"POLYGON ((962500 1951600, 962500 1951700, 962600 1951700, 962600 1951600, 962500 1951600))"
12,222,다사626516,1925,3903,"POLYGON ((962600 1951600, 962600 1951700, 962700 1951700, 962700 1951600, 962600 1951600))"
12,223,다사627516,1925,3903,"POLYGON ((962700 1951600, 962700 1951700, 962800 1951700, 962800 1951600, 962700 1951600))"
12,224,다사628516,1925,3903,"POLYGON ((962800 1951600, 962800 1951700, 962900 1951700, 962900 1951600, 962800 1951600))"
12,225,다사629516,1925,3903,"POLYGON ((962900 1951600, 962900 1951700, 963000 1951700, 963000 1951600, 962900 1951600))"
12,247,다사625515,1925,3903,"POLYGON ((962500 1951500, 962500 1951600, 962600 1951600, 962600 1951500, 962500 1951500))"
12,248,다사626515,1925,3903,"POLYGON ((962600 1951500, 962600 1951600, 962700 1951600, 962700 1951500, 962600 1951500))"
12,249,다사627515,1925,3903,"POLYGON ((962700 1951500, 962700 1951600, 962800 1951600, 962800 1951500, 962700 1951500))"
12,250,다사628515,1925,3903,"POLYGON ((962800 1951500, 962800 1951600, 962900 1951600, 962900 1951500, 962800 1951500))"
12,251,다사629515,1925,3903,"POLYGON ((962900 1951500, 962900 1951600, 963000 1951600, 963000 1951500, 962900 1951500))"
13,148,다사630519,1926,3903,"POLYGON ((963000 1951900, 963000 1952000, 963100 1952000, 963100 1951900, 963000 1951900))"
13,149,다사631519,1926,3903,"POLYGON ((963100 1951900, 963100 1952000, 963200 1952000, 963200 1951900, 963100 1951900))"
13,150,다사632519,1926,3903,"POLYGON ((963200 1951900, 963200 1952000, 963300 1952000, 963300 1951900, 963200 1951900))"
13,151,다사633519,1926,3903,"POLYGON ((963300 1951900, 963300 1952000, 963400 1952000, 963400 1951900, 963300 1951900))"
13,152,다사634519,1926,3903,"POLYGON ((963400 1951900, 963400 1952000, 963500 1952000, 963500 1951900, 963400 1951900))"
13,174,다사630518,1926,3903,"POLYGON ((963000 1951800, 963000 1951900, 963100 1951900, 963100 1951800, 963000 1951800))"
13,175,다사631518,1926,3903,"POLYGON ((963100 1951800, 963100 1951900, 963200 1951900, 963200 1951800, 963100 1951800))"
13,176,다사632518,1926,3903,"POLYGON ((963200 1951800, 963200 1951900, 963300 1951900, 963300 1951800, 963200 1951800))"
13,177,다사633518,1926,3903,"POLYGON ((963300 1951800, 963300 1951900, 963400 1951900, 963400 1951800, 963300 1951800))"
13,178,다사634518,1926,3903,"POLYGON ((963400 1951800, 963400 1951900, 963500 1951900, 963500 1951800, 963400 1951800))"
13,200,다사630517,1926,3903,"POLYGON ((963000 1951700, 963000 1951800, 963100 1951800, 963100 1951700, 963000 1951700))"
13,201,다사631517,1926,3903,"POLYGON ((963100 1951700, 963100 1951800, 963200 1951800, 963200 1951700, 963100 1951700))"
13,202,다사632517,1926,3903,"POLYGON ((963200 1951700, 963200 1951800, 963300 1951800, 963300 1951700, 963200 1951700))"
13,203,다사633517,1926,3903,"POLYGON ((963300 1951700, 963300 1951800, 963400 1951800, 963400 1951700, 963300 1951700))"
13,204,다사634517,1926,3903,"POLYGON ((963400 1951700, 963400 1951800, 963500 1951800, 963500 1951700, 963400 1951700))"
13,226,다사630516,1926,3903,"POLYGON ((963000 1951600, 963000 1951700, 963100 1951700, 963100 1951600, 963000 1951600))"
13,227,다사631516,1926,3903,"POLYGON ((963100 1951600, 963100 1951700, 963200 1951700, 963200 1951600, 963100 1951600))"
13,228,다사632516,1926,3903,"POLYGON ((963200 1951600, 963200 1951700, 963300 1951700, 963300 1951600, 963200 1951600))"
13,229,다사633516,1926,3903,"POLYGON ((963300 1951600, 963300 1951700, 963400 1951700, 963400 1951600, 963300 1951600))"
13,230,다사634516,1926,3903,"POLYGON ((963400 1951600, 963400 1951700, 963500 1951700, 963500 1951600, 963400 1951600))"
13,252,다사630515,1926,3903,"POLYGON ((963000 1951500, 963000 1951600, 963100 1951600, 963100 1951500, 963000 1951500))"
13,253,다사631515,1926,3903,"POLYGON ((963100 1951500, 963100 1951600, 963200 1951600, 963200 1951500, 963100 1951500))"
13,254,다사632515,1926,3903,"POLYGON ((963200 1951500, 963200 1951600, 963300 1951600, 963300 1951500, 963200 1951500))"
13,255,다사633515,1926,3903,"POLYGON ((963300 1951500, 963300 1951600, 963400 1951600, 963400 1951500, 963300 1951500))"
13,256,다사634515,1926,3903,"POLYGON ((963400 1951500, 963400 1951600, 963500 1951600, 963500 1951500, 963400 1951500))"
14,153,다사635519,1927,3903,"POLYGON ((963500 1951900, 963500 1952000, 963600 1952000, 963600 1951900, 963500 1951900))"
14,154,다사636519,1927,3903,"POLYGON ((963600 1951900, 963600 1952000, 963700 1952000, 963700 1951900, 963600 1951900))"
14,155,다사637519,1927,3903,"POLYGON ((963700 1951900, 963700 1952000, 963800 1952000, 963800 1951900, 963700 1951900))"
14,156,다사638519,1927,3903,"POLYGON ((963800 1951900, 963800 1952000, 963900 1952000, 963900 1951900, 963800 1951900))"
14,157,다사639519,1927,3903,"POLYGON ((963900 1951900, 963900 1952000, 964000 1952000, 964000 1951900, 963900 1951900))"
14,179,다사635518,1927,3903,"POLYGON ((963500 1951800, 963500 1951900, 963600 1951900, 963600 1951800, 963500 1951800))"
14,180,다사636518,1927,3903,"POLYGON ((963600 1951800, 963600 1951900, 963700 1951900, 963700 1951800, 963600 1951800))"
14,181,다사637518,1927,3903,"POLYGON ((963700 1951800, 963700 1951900, 963800 1951900, 963800 1951800, 963700 1951800))"
14,182,다사638518,1927,3903,"POLYGON ((963800 1951800, 963800 1951900, 963900 1951900, 963900 1951800, 963800 1951800))"
14,183,다사639518,1927,3903,"POLYGON ((963900 1951800, 963900 1951900, 964000 1951900, 964000 1951800, 963900 1951800))"
14,205,다사635517,1927,3903,"POLYGON ((963500 1951700, 963500 1951800, 963600 1951800, 963600 1951700, 963500 1951700))"
14,206,다사636517,1927,3903,"POLYGON ((963600 1951700, 963600 1951800, 963700 1951800, 963700 1951700, 963600 1951700))"
14,207,다사637517,1927,3903,"POLYGON ((963700 1951700, 963700 1951800, 963800 1951800, 963800 1951700, 963700 1951700))"
14,208,다사638517,1927,3903,"POLYGON ((963800 1951700, 963800 1951800, 963900 1951800, 963900 1951700, 963800 1951700))"
14,209,다사639517,1927,3903,"POLYGON ((963900 1951700, 963900 1951800, 964000 1951800, 964000 1951700, 963900 1951700))"
14,231,다사635516,1927,3903,"POLYGON ((963500 1951600, 963500 1951700, 963600 1951700, 963600 1951600, 963500 1951600))"
14,232,다사636516,1927,3903,"POLYGON ((963600 1951600, 963600 1951700, 963700 1951700, 963700 1951600, 963600 1951600))"
14,233,다사637516,1927,3903,"POLYGON ((963700 1951600, 963700 1951700, 963800 1951700, 963800 1951600, 963700 1951600))"
14,234,다사638516,1927,3903,"POLYGON ((963800 1951600, 963800 1951700, 963900 1951700, 963900 1951600, 963800 1951600))"
14,235,다사639516,1927,3903,"POLYGON ((963900 1951600, 963900 1951700, 964000 1951700, 964000 1951600, 963900 1951600))"
14,257,다사635515,1927,3903,"POLYGON ((963500 1951500, 963500 1951600, 963600 1951600, 963600 1951500, 963500 1951500))"
14,258,다사636515,1927,3903,"POLYGON ((963600 1951500, 963600 1951600, 963700 1951600, 963700 1951500, 963600 1951500))"
14,259,다사637515,1927,3903,"POLYGON ((963700 1951500, 963700 1951600, 963800 1951600, 963800 1951500, 963700 1951500))"
14,260,다사638515,1927,3903,"POLYGON ((963800 1951500, 963800 1951600, 963900 1951600, 963900 1951500, 963800 1951500))"
14,261,다사639515,1927,3903,"POLYGON ((963900 1951500, 963900 1951600, 964000 1951600, 964000 1951500, 963900 1951500))"
15,158,다사640519,1928,3903,"POLYGON ((964000 1951900, 964000 1952000, 964100 1952000, 964100 1951900, 964000 1951900))"
15,159,다사641519,1928,3903,"POLYGON ((964100 1951900, 964100 1952000, 964200 1952000, 964200 1951900, 964100 1951900))"
15,160,다사642519,1928,3903,"POLYGON ((964200 1951900, 964200 1952000, 964300 1952000, 964300 1951900, 964200 1951900))"
15,161,다사643519,1928,3903,"POLYGON ((964300 1951900, 964300 1952000, 964400 1952000, 964400 1951900, 964300 1951900))"
15,162,다사644519,1928,3903,"POLYGON ((964400 1951900, 964400 1952000, 964500 1952000, 964500 1951900, 964400 1951900))"
15,184,다사640518,1928,3903,"POLYGON ((964000 1951800, 964000 1951900, 964100 1951900, 964100 1951800, 964000 1951800))"
15,185,다사641518,1928,3903,"POLYGON ((964100 1951800, 964100 1951900, 964200 1951900, 964200 1951800, 964100 1951800))"
15,186,다사642518,1928,3903,"POLYGON ((964200 1951800, 964200 1951900, 964300 1951900, 964300 1951800, 964200 1951800))"
15,187,다사643518,1928,3903,"POLYGON ((964300 1951800, 964300 1951900, 964400 1951900, 964400 1951800, 964300 1951800))"
15,188,다사644518,1928,3903,"POLYGON ((964400 1951800, 964400 1951900, 964500 1951900, 964500 1951800, 964400 1951800))"
15,210,다사640517,1928,3903,"POLYGON ((964000 1951700, 964000 1951800, 964100 1951800, 964100 1951700, 964000 1951700))"
15,211,다사641517,1928,3903,"POLYGON ((964100 1951700, 964100 1951800, 964200 1951800, 964200 1951700, 964100 1951700))"
15,212,다사642517,1928,3903,"POLYGON ((964200 1951700, 964200 1951800, 964300 1951800, 964300 1951700, 964200 1951700))"
15,213,다사643517,1928,3903,"POLYGON ((964300 1951700, 964300 1951800, 964400 1951800, 964400 1951700, 964300 1951700))"
15,214,다사644517,1928,3903,"POLYGON ((964400 1951700, 964400 1951800, 964500 1951800, 964500 1951700, 964400 1951700))"
15,236,다사640516,1928,3903,"POLYGON ((964000 1951600, 964000 1951700, 964100 1951700, 964100 1951600, 964000 1951600))"
15,237,다사641516,1928,3903,"POLYGON ((964100 1951600, 964100 1951700, 964200 1951700, 964200 1951600, 964100 1951600))"
15,238,다사642516,1928,3903,"POLYGON ((964200 1951600, 964200 1951700, 964300 1951700, 964300 1951600, 964200 1951600))"
15,239,다사643516,1928,3903,"POLYGON ((964300 1951600, 964300 1951700, 964400 1951700, 964400 1951600, 964300 1951600))"
15,240,다사644516,1928,3903,"POLYGON ((964400 1951600, 964400 1951700, 964500 1951700, 964500 1951600, 964400 1951600))"
15,262,다사640515,1928,3903,"POLYGON ((964000 1951500, 964000 1951600, 964100 1951600, 964100 1951500, 964000 1951500))"
15,263,다사641515,1928,3903,"POLYGON ((964100 1951500, 964100 1951600, 964200 1951600, 964200 1951500, 964100 1951500))"
15,264,다사642515,1928,3903,"POLYGON ((964200 1951500, 964200 1951600, 964300 1951600, 964300 1951500, 964200 1951500))"
15,265,다사643515,1928,3903,"POLYGON ((964300 1951500, 964300 1951600, 964400 1951600, 964400 1951500, 964300 1951500))"
15,266,다사644515,1928,3903,"POLYGON ((964400 1951500, 964400 1951600, 964500 1951600, 964500 1951500, 964400 1951500))"
16,163,다사645519,1929,3903,"POLYGON ((964500 1951900, 964500 1952000, 964600 1952000, 964600 1951900, 964500 1951900))"
16,164,다사646519,1929,3903,"POLYGON ((964600 1951900, 964600 1952000, 964700 1952000, 964700 1951900, 964600 1951900))"
16,165,다사647519,1929,3903,"POLYGON ((964700 1951900, 964700 1952000, 964800 1952000, 964800 1951900, 964700 1951900))"
16,166,다사648519,1929,3903,"POLYGON ((964800 1951900, 964800 1952000, 964900 1952000, 964900 1951900, 964800 1951900))"
16,167,다사649519,1929,3903,"POLYGON ((964900 1951900, 964900 1952000, 965000 1952000, 965000 1951900, 964900 1951900))"
16,189,다사645518,1929,3903,"POLYGON ((964500 1951800, 964500 1951900, 964600 1951900, 964600 1951800, 964500 1951800))"
16,190,다사646518,1929,3903,"POLYGON ((964600 1951800, 964600 1951900, 964700 1951900, 964700 1951800, 964600 1951800))"
16,191,다사647518,1929,3903,"POLYGON ((964700 1951800, 964700 1951900, 964800 1951900, 964800 1951800, 964700 1951800))"
16,192,다사648518,1929,3903,"POLYGON ((964800 1951800, 964800 1951900, 964900 1951900, 964900 1951800, 964800 1951800))"
16,215,다사645517,1929,3903,"POLYGON ((964500 1951700, 964500 1951800, 964600 1951800, 964600 1951700, 964500 1951700))"
16,216,다사646517,1929,3903,"POLYGON ((964600 1951700, 964600 1951800, 964700 1951800, 964700 1951700, 964600 1951700))"
16,217,다사647517,1929,3903,"POLYGON ((964700 1951700, 964700 1951800, 964800 1951800, 964800 1951700, 964700 1951700))"
16,218,다사648517,1929,3903,"POLYGON ((964800 1951700, 964800 1951800, 964900 1951800, 964900 1951700, 964800 1951700))"
16,241,다사645516,1929,3903,"POLYGON ((964500 1951600, 964500 1951700, 964600 1951700, 964600 1951600, 964500 1951600))"
16,242,다사646516,1929,3903,"POLYGON ((964600 1951600, 964600 1951700, 964700 1951700, 964700 1951600, 964600 1951600))"
16,243,다사647516,1929,3903,"POLYGON ((964700 1951600, 964700 1951700, 964800 1951700, 964800 1951600, 964700 1951600))"
16,244,다사648516,1929,3903,"POLYGON ((964800 1951600, 964800 1951700, 964900 1951700, 964900 1951600, 964800 1951600))"
16,267,다사645515,1929,3903,"POLYGON ((964500 1951500, 964500 1951600, 964600 1951600, 964600 1951500, 964500 1951500))"
16,268,다사646515,1929,3903,"POLYGON ((964600 1951500, 964600 1951600, 964700 1951600, 964700 1951500, 964600 1951500))"
16,269,다사647515,1929,3903,"POLYGON ((964700 1951500, 964700 1951600, 964800 1951600, 964800 1951500, 964700 1951500))"
16,270,다사648515,1929,3903,"POLYGON ((964800 1951500, 964800 1951600, 964900 1951600, 964900 1951500, 964800 1951500))"
18,274,다사625514,1925,3902,"POLYGON ((962500 1951400, 962500 1951500, 962600 1951500, 962600 1951400, 962500 1951400))"
18,275,다사626514,1925,3902,"POLYGON ((962600 1951400, 962600 1951500, 962700 1951500, 962700 1951400, 962600 1951400))"
18,276,다사627514,1925,3902,"POLYGON ((962700 1951400, 962700 1951500, 962800 1951500, 962800 1951400, 962700 1951400))"
18,277,다사628514,1925,3902,"POLYGON ((962800 1951400, 962800 1951500, 962900 1951500, 962900 1951400, 962800 1951400))"
18,278,다사629514,1925,3902,"POLYGON ((962900 1951400, 962900 1951500, 963000 1951500, 963000 1951400, 962900 1951400))"
18,301,다사625513,1925,3902,"POLYGON ((962500 1951300, 962500 1951400, 962600 1951400, 962600 1951300, 962500 1951300))"
18,302,다사626513,1925,3902,"POLYGON ((962600 1951300, 962600 1951400, 962700 1951400, 962700 1951300, 962600 1951300))"
18,303,다사627513,1925,3902,"POLYGON ((962700 1951300, 962700 1951400, 962800 1951400, 962800 1951300, 962700 1951300))"
18,304,다사628513,1925,3902,"POLYGON ((962800 1951300, 962800 1951400, 962900 1951400, 962900 1951300, 962800 1951300))"
18,305,다사629513,1925,3902,"POLYGON ((962900 1951300, 962900 1951400, 963000 1951400, 963000 1951300, 962900 1951300))"
18,327,다사625512,1925,3902,"POLYGON ((962500 1951200, 962500 1951300, 962600 1951300, 962600 1951200, 962500 1951200))"
18,328,다사626512,1925,3902,"POLYGON ((962600 1951200, 962600 1951300, 962700 1951300, 962700 1951200, 962600 1951200))"
18,329,다사627512,1925,3902,"POLYGON ((962700 1951200, 962700 1951300, 962800 1951300, 962800 1951200, 962700 1951200))"
18,330,다사628512,1925,3902,"POLYGON ((962800 1951200, 962800 1951300, 962900 1951300, 962900 1951200, 962800 1951200))"
18,331,다사629512,1925,3902,"POLYGON ((962900 1951200, 962900 1951300, 963000 1951300, 963000 1951200, 962900 1951200))"
18,353,다사625511,1925,3902,"POLYGON ((962500 1951100, 962500 1951200, 962600 1951200, 962600 1951100, 962500 1951100))"
18,354,다사626511,1925,3902,"POLYGON ((962600 1951100, 962600 1951200, 962700 1951200, 962700 1951100, 962600 1951100))"
18,355,다사627511,1925,3902,"POLYGON ((962700 1951100, 962700 1951200, 962800 1951200, 962800 1951100, 962700 1951100))"
18,356,다사628511,1925,3902,"POLYGON ((962800 1951100, 962800 1951200, 962900 1951200, 962900 1951100, 962800 1951100))"
18,357,다사629511,1925,3902,"POLYGON ((962900 1951100, 962900 1951200, 963000 1951200, 963000 1951100, 962900 1951100))"
18,384,다사625510,1925,3902,"POLYGON ((962500 1951000, 962500 1951100, 962600 1951100, 962600 1951000, 962500 1951000))"
18,385,다사626510,1925,3902,"POLYGON ((962600 1951000, 962600 1951100, 962700 1951100, 962700 1951000, 962600 1951000))"
18,386,다사627510,1925,3902,"POLYGON ((962700 1951000, 962700 1951100, 962800 1951100, 962800 1951000, 962700 1951000))"
18,387,다사628510,1925,3902,"POLYGON ((962800 1951000, 962800 1951100, 962900 1951100, 962900 1951000, 962800 1951000))"
18,388,다사629510,1925,3902,"POLYGON ((962900 1951000, 962900 1951100, 963000 1951100, 963000 1951000, 962900 1951000))"
19,279,다사630514,1926,3902,"POLYGON ((963000 1951400, 963000 1951500, 963100 1951500, 963100 1951400, 963000 1951400))"
19,280,다사631514,1926,3902,"POLYGON ((963100 1951400, 963100 1951500, 963200 1951500, 963200 1951400, 963100 1951400))"
19,281,다사632514,1926,3902,"POLYGON ((963200 1951400, 963200 1951500, 963300 1951500, 963300 1951400, 963200 1951400))"
19,282,다사633514,1926,3902,"POLYGON ((963300 1951400, 963300 1951500, 963400 1951500, 963400 1951400, 963300 1951400))"
19,283,다사634514,1926,3902,"POLYGON ((963400 1951400, 963400 1951500, 963500 1951500, 963500 1951400, 963400 1951400))"
19,306,다사630513,1926,3902,"POLYGON ((963000 1951300, 963000 1951400, 963100 1951400, 963100 1951300, 963000 1951300))"
19,307,다사631513,1926,3902,"POLYGON ((963100 1951300, 963100 1951400, 963200 1951400, 963200 1951300, 963100 1951300))"
19,308,다사632513,1926,3902,"POLYGON ((963200 1951300, 963200 1951400, 963300 1951400, 963300 1951300, 963200 1951300))"
19,309,다사633513,1926,3902,"POLYGON ((963300 1951300, 963300 1951400, 963400 1951400, 963400 1951300, 963300 1951300))"
19,310,다사634513,1926,3902,"POLYGON ((963400 1951300, 963400 1951400, 963500 1951400, 963500 1951300, 963400 1951300))"
19,332,다사630512,1926,3902,"POLYGON ((963000 1951200, 963000 1951300, 963100 1951300, 963100 1951200, 963000 1951200))"
19,333,다사631512,1926,3902,"POLYGON ((963100 1951200, 963100 1951300, 963200 1951300, 963200 1951200, 963100 1951200))"
19,334,다사632512,1926,3902,"POLYGON ((963200 1951200, 963200 1951300, 963300 1951300, 963300 1951200, 963200 1951200))"
19,335,다사633512,1926,3902,"POLYGON ((963300 1951200, 963300 1951300, 963400 1951300, 963400 1951200, 963300 1951200))"
19,336,다사634512,1926,3902,"POLYGON ((963400 1951200, 963400 1951300, 963500 1951300, 963500 1951200, 963400 1951200))"
19,358,다사630511,1926,3902,"POLYGON ((963000 1951100, 963000 1951200, 963100 1951200, 963100 1951100, 963000 1951100))"
19,359,다사631511,1926,3902,"POLYGON ((963100 1951100, 963100 1951200, 963200 1951200, 963200 1951100, 963100 1951100))"
19,360,다사632511,1926,3902,"POLYGON ((963200 1951100, 963200 1951200, 963300 1951200, 963300 1951100, 963200 1951100))"
19,361,다사633511,1926,3902,"POLYGON ((963300 1951100, 963300 1951200, 963400 1951200, 963400 1951100, 963300 1951100))"
19,362,다사634511,1926,3902,"POLYGON ((963400 1951100, 963400 1951200, 963500 1951200, 963500 1951100, 963400 1951100))"
19,389,다사630510,1926,3902,"POLYGON ((963000 1951000, 963000 1951100, 963100 1951100, 963100 1951000, 963000 1951000))"
19,390,다사631510,1926,3902,"POLYGON ((963100 1951000, 963100 1951100, 963200 1951100, 963200 1951000, 963100 1951000))"
19,391,다사632510,1926,3902,"POLYGON ((963200 1951000, 963200 1951100, 963300 1951100, 963300 1951000, 963200 1951000))"
19,392,다사633510,1926,3902,"POLYGON ((963300 1951000, 963300 1951100, 963400 1951100, 963400 1951000, 963300 1951000))"
19,393,다사634510,1926,3902,"POLYGON ((963400 1951000, 963400 1951100, 963500 1951100, 963500 1951000, 963400 1951000))"
20,284,다사635514,1927,3902,"POLYGON ((963500 1951400, 963500 1951500, 963600 1951500, 963600 1951400, 963500 1951400))"
20,285,다사636514,1927,3902,"POLYGON ((963600 1951400, 963600 1951500, 963700 1951500, 963700 1951400, 963600 1951400))"
20,286,다사637514,1927,3902,"POLYGON ((963700 1951400, 963700 1951500, 963800 1951500, 963800 1951400, 963700 1951400))"
20,287,다사638514,1927,3902,"POLYGON ((963800 1951400, 963800 1951500, 963900 1951500, 963900 1951400, 963800 1951400))"
20,288,다사639514,1927,3902,"POLYGON ((963900 1951400, 963900 1951500, 964000 1951500, 964000 1951400, 963900 1951400))"
20,311,다사635513,1927,3902,"POLYGON ((963500 1951300, 963500 1951400, 963600 1951400, 963600 1951300, 963500 1951300))"
20,312,다사636513,1927,3902,"POLYGON ((963600 1951300, 963600 1951400, 963700 1951400, 963700 1951300, 963600 1951300))"
20,313,다사637513,1927,3902,"POLYGON ((963700 1951300, 963700 1951400, 963800 1951400, 963800 1951300, 963700 1951300))"
20,314,다사638513,1927,3902,"POLYGON ((963800 1951300, 963800 1951400, 963900 1951400, 963900 1951300, 963800 1951300))"
20,315,다사639513,1927,3902,"POLYGON ((963900 1951300, 963900 1951400, 964000 1951400, 964000 1951300, 963900 1951300))"
20,337,다사635512,1927,3902,"POLYGON ((963500 1951200, 963500 1951300, 963600 1951300, 963600 1951200, 963500 1951200))"
20,338,다사636512,1927,3902,"POLYGON ((963600 1951200, 963600 1951300, 963700 1951300, 963700 1951200, 963600 1951200))"
20,339,다사637512,1927,3902,"POLYGON ((963700 1951200, 963700 1951300, 963800 1951300, 963800 1951200, 963700 1951200))"
20,340,다사638512,1927,3902,"POLYGON ((963800 1951200, 963800 1951300, 963900 1951300, 963900 1951200, 963800 1951200))"
20,341,다사639512,1927,3902,"POLYGON ((963900 1951200, 963900 1951300, 964000 1951300, 964000 1951200, 963900 1951200))"
20,363,다사635511,1927,3902,"POLYGON ((963500 1951100, 963500 1951200, 963600 1951200, 963600 1951100, 963500 1951100))"
20,364,다사636511,1927,3902,"POLYGON ((963600 1951100, 963600 1951200, 963700 1951200, 963700 1951100, 963600 1951100))"
20,365,다사637511,1927,3902,"POLYGON ((963700 1951100, 963700 1951200, 963800 1951200, 963800 1951100, 963700 1951100))"
20,366,다사638511,1927,3902,"POLYGON ((963800 1951100, 963800 1951200, 963900 1951200, 963900 1951100, 963800 1951100))"
20,367,다사639511,1927,3902,"POLYGON ((963900 1951100, 963900 1951200, 964000 1951200, 964000 1951100, 963900 1951100))"
20,394,다사635510,1927,3902,"POLYGON ((963500 1951000, 963500 1951100, 963600 1951100, 963600 1951000, 963500 1951000))"
20,395,다사636510,1927,3902,"POLYGON ((963600 1951000, 963600 1951100, 963700 1951100, 963700 1951000, 963600 1951000))"
20,396,다사637510,1927,3902,"POLYGON ((963700 1951000, 963700 1951100, 963800 1951100, 963800 1951000, 963700 1951000))"
20,397,다사638510,1927,3902,"POLYGON ((963800 1951000, 963800 1951100, 963900 1951100, 963900 1951000, 963800 1951000))"
20,398,다사639510,1927,3902,"POLYGON ((963900 1951000, 963900 1951100, 964000 1951100, 964000 1951000, 963900 1951000))"
21,289,다사640514,1928,3902,"POLYGON ((964000 1951400, 964000 1951500, 964100 1951500, 964100 1951400, 964000 1951400))"
21,290,다사641514,1928,3902,"POLYGON ((964100 1951400, 964100 1951500, 964200 1951500, 964200 1951400, 964100 1951400))"
21,291,다사642514,1928,3902,"POLYGON ((964200 1951400, 964200 1951500, 964300 1951500, 964300 1951400, 964200 1951400))"
21,292,다사643514,1928,3902,"POLYGON ((964300 1951400, 964300 1951500, 964400 1951500, 964400 1951400, 964300 1951400))"
21,293,다사644514,1928,3902,"POLYGON ((964400 1951400, 964400 1951500, 964500 1951500, 964500 1951400, 964400 1951400))"
21,316,다사640513,1928,3902,"POLYGON ((964000 1951300, 964000 1951400, 964100 1951400, 964100 1951300, 964000 1951300))"
21,317,다사641513,1928,3902,"POLYGON ((964100 1951300, 964100 1951400, 964200 1951400, 964200 1951300, 964100 1951300))"
21,318,다사642513,1928,3902,"POLYGON ((964200 1951300, 964200 1951400, 964300 1951400, 964300 1951300, 964200 1951300))"
21,319,다사643513,1928,3902,"POLYGON ((964300 1951300, 964300 1951400, 964400 1951400, 964400 1951300, 964300 1951300))"
21,320,다사644513,1928,3902,"POLYGON ((964400 1951300, 964400 1951400, 964500 1951400, 964500 1951300, 964400 1951300))"
21,342,다사640512,1928,3902,"POLYGON ((964000 1951200, 964000 1951300, 964100 1951300, 964100 1951200, 964000 1951200))"
21,343,다사641512,1928,3902,"POLYGON ((964100 1951200, 964100 1951300, 964200 1951300, 964200 1951200, 964100 1951200))"
21,344,다사642512,1928,3902,"POLYGON ((964200 1951200, 964200 1951300, 964300 1951300, 964300 1951200, 964200 1951200))"
21,345,다사643512,1928,3902,"POLYGON ((964300 1951200, 964300 1951300, 964400 1951300, 964400 1951200, 964300 1951200))"
21,346,다사644512,1928,3902,"POLYGON ((964400 1951200, 964400 1951300, 964500 1951300, 964500 1951200, 964400 1951200))"
21,368,다사640511,1928,3902,"POLYGON ((964000 1951100, 964000 1951200, 964100 1951200, 964100 1951100, 964000 1951100))"
21,369,다사641511,1928,3902,"POLYGON ((964100 1951100, 964100 1951200, 964200 1951200, 964200 1951100, 964100 1951100))"
21,370,다사642511,1928,3902,"POLYGON ((964200 1951100, 964200 1951200, 964300 1951200, 964300 1951100, 964200 1951100))"
21,371,다사643511,1928,3902,"POLYGON ((964300 1951100, 964300 1951200, 964400 1951200, 964400 1951100, 964300 1951100))"
21,372,다사644511,1928,3902,"POLYGON ((964400 1951100, 964400 1951200, 964500 1951200, 964500 1951100, 964400 1951100))"
21,399,다사640510,1928,3902,"POLYGON ((964000 1951000, 964000 1951100, 964100 1951100, 964100 1951000, 964000 1951000))"
21,400,다사641510,1928,3902,"POLYGON ((964100 1951000, 964100 1951100, 964200 1951100, 964200 1951000, 964100 1951000))"
21,401,다사642510,1928,3902,"POLYGON ((964200 1951000, 964200 1951100, 964300 1951100, 964300 1951000, 964200 1951000))"
21,402,다사643510,1928,3902,"POLYGON ((964300 1951000, 964300 1951100, 964400 1951100, 964400 1951000, 964300 1951000))"
21,403,다사644510,1928,3902,"POLYGON ((964400 1951000, 964400 1951100, 964500 1951100, 964500 1951000, 964400 1951000))"
22,294,다사645514,1929,3902,"POLYGON ((964500 1951400, 964500 1951500, 964600 1951500, 964600 1951400, 964500 1951400))"
22,295,다사646514,1929,3902,"POLYGON ((964600 1951400, 964600 1951500, 964700 1951500, 964700 1951400, 964600 1951400))"
22,296,다사647514,1929,3902,"POLYGON ((964700 1951400, 964700 1951500, 964800 1951500, 964800 1951400, 964700 1951400))"
22,297,다사648514,1929,3902,"POLYGON ((964800 1951400, 964800 1951500, 964900 1951500, 964900 1951400, 964800 1951400))"
22,321,다사645513,1929,3902,"POLYGON ((964500 1951300, 964500 1951400, 964600 1951400, 964600 1951300, 964500 1951300))"
22,322,다사646513,1929,3902,"POLYGON ((964600 1951300, 964600 1951400, 964700 1951400, 964700 1951300, 964600 1951300))"
22,323,다사647513,1929,3902,"POLYGON ((964700 1951300, 964700 1951400, 964800 1951400, 964800 1951300, 964700 1951300))"
22,347,다사645512,1929,3902,"POLYGON ((964500 1951200, 964500 1951300, 964600 1951300, 964600 1951200, 964500 1951200))"
22,348,다사646512,1929,3902,"POLYGON ((964600 1951200, 964600 1951300, 964700 1951300, 964700 1951200, 964600 1951200))"
22,349,다사647512,1929,3902,"POLYGON ((964700 1951200, 964700 1951300, 964800 1951300, 964800 1951200, 964700 1951200))"
22,350,다사648512,1929,3902,"POLYGON ((964800 1951200, 964800 1951300, 964900 1951300, 964900 1951200, 964800 1951200))"
22,373,다사645511,1929,3902,"POLYGON ((964500 1951100, 964500 1951200, 964600 1951200, 964600 1951100, 964500 1951100))"
22,374,다사646511,1929,3902,"POLYGON ((964600 1951100, 964600 1951200, 964700 1951200, 964700 1951100, 964600 1951100))"
22,375,다사647511,1929,3902,"POLYGON ((964700 1951100, 964700 1951200, 964800 1951200, 964800 1951100, 964700 1951100))"
22,376,다사648511,1929,3902,"POLYGON ((964800 1951100, 964800 1951200, 964900 1951200, 964900 1951100, 964800 1951100))"
22,377,다사649511,1929,3902,"POLYGON ((964900 1951100, 964900 1951200, 965000 1951200, 965000 1951100, 964900 1951100))"
22,404,다사645510,1929,3902,"POLYGON ((964500 1951000, 964500 1951100, 964600 1951100, 964600 1951000, 964500 1951000))"
22,405,다사646510,1929,3902,"POLYGON ((964600 1951000, 964600 1951100, 964700 1951100, 964700 1951000, 964600 1951000))"
22,406,다사647510,1929,3902,"POLYGON ((964700 1951000, 964700 1951100, 964800 1951100, 964800 1951000, 964700 1951000))"
22,407,다사648510,1929,3902,"POLYGON ((964800 1951000, 964800 1951100, 964900 1951100, 964900 1951000, 964800 1951000))"
22,408,다사649510,1929,3902,"POLYGON ((964900 1951000, 964900 1951100, 965000 1951100, 965000 1951000, 964900 1951000))"
27,424,다사630509,1926,3901,"POLYGON ((963000 1950900, 963000 1951000, 963100 1951000, 963100 1950900, 963000 1950900))"
27,425,다사631509,1926,3901,"POLYGON ((963100 1950900, 963100 1951000, 963200 1951000, 963200 1950900, 963100 1950900))"
27,426,다사632509,1926,3901,"POLYGON ((963200 1950900, 963200 1951000, 963300 1951000, 963300 1950900, 963200 1950900))"
27,427,다사633509,1926,3901,"POLYGON ((963300 1950900, 963300 1951000, 963400 1951000, 963400 1950900, 963300 1950900))"
27,428,다사634509,1926,3901,"POLYGON ((963400 1950900, 963400 1951000, 963500 1951000, 963500 1950900, 963400 1950900))"
27,462,다사630508,1926,3901,"POLYGON ((963000 1950800, 963000 1950900, 963100 1950900, 963100 1950800, 963000 1950800))"
27,463,다사631508,1926,3901,"POLYGON ((963100 1950800, 963100 1950900, 963200 1950900, 963200 1950800, 963100 1950800))"
27,464,다사632508,1926,3901,"POLYGON ((963200 1950800, 963200 1950900, 963300 1950900, 963300 1950800, 963200 1950800))"
27,465,다사633508,1926,3901,"POLYGON ((963300 1950800, 963300 1950900, 963400 1950900, 963400 1950800, 963300 1950800))"
27,466,다사634508,1926,3901,"POLYGON ((963400 1950800, 963400 1950900, 963500 1950900, 963500 1950800, 963400 1950800))"
27,502,다사630507,1926,3901,"POLYGON ((963000 1950700, 963000 1950800, 963100 1950800, 963100 1950700, 963000 1950700))"
27,503,다사631507,1926,3901,"POLYGON ((963100 1950700, 963100 1950800, 963200 1950800, 963200 1950700, 963100 1950700))"
27,504,다사632507,1926,3901,"POLYGON ((963200 1950700, 963200 1950800, 963300 1950800, 963300 1950700, 963200 1950700))"
27,505,다사633507,1926,3901,"POLYGON ((963300 1950700, 963300 1950800, 963400 1950800, 963400 1950700, 963300 1950700))"
27,506,다사634507,1926,3901,"POLYGON ((963400 1950700, 963400 1950800, 963500 1950800, 963500 1950700, 963400 1950700))"
27,542,다사630506,1926,3901,"POLYGON ((963000 1950600, 963000 1950700, 963100 1950700, 963100 1950600, 963000 1950600))"
27,543,다사631506,1926,3901,"POLYGON ((963100 1950600, 963100 1950700, 963200 1950700, 963200 1950600, 963100 1950600))"
27,544,다사632506,1926,3901,"POLYGON ((963200 1950600, 963200 1950700, 963300 1950700, 963300 1950600, 963200 1950600))"
27,545,다사633506,1926,3901,"POLYGON ((963300 1950600, 963300 1950700, 963400 1950700, 963400 1950600, 963300 1950600))"
27,546,다사634506,1926,3901,"POLYGON ((963400 1950600, 963400 1950700, 963500 1950700, 963500 1950600, 963400 1950600))"
27,582,다사630505,1926,3901,"POLYGON ((963000 1950500, 963000 1950600, 963100 1950600, 963100 1950500, 963000 1950500))"
27,583,다사631505,1926,3901,"POLYGON ((963100 1950500, 963100 1950600, 963200 1950600, 963200 1950500, 963100 1950500))"
27,584,다사632505,1926,3901,"POLYGON ((963200 1950500, 963200 1950600, 963300 1950600, 963300 1950500, 963200 1950500))"
27,585,다사633505,1926,3901,"POLYGON ((963300 1950500, 963300 1950600, 963400 1950600, 963400 1950500, 963300 1950500))"
27,586,다사634505,1926,3901,"POLYGON ((963400 1950500, 963400 1950600, 963500 1950600, 963500 1950500, 963400 1950500))"
28,429,다사635509,1927,3901,"POLYGON ((963500 1950900, 963500 1951000, 963600 1951000, 963600 1950900, 963500 1950900))"
28,430,다사636509,1927,3901,"POLYGON ((963600 1950900, 963600 1951000, 963700 1951000, 963700 1950900, 963600 1950900))"
28,431,다사637509,1927,3901,"POLYGON ((963700 1950900, 963700 1951000, 963800 1951000, 963800 1950900, 963700 1950900))"
28,432,다사638509,1927,3901,"POLYGON ((963800 1950900, 963800 1951000, 963900 1951000, 963900 1950900, 963800 1950900))"
28,433,다사639509,1927,3901,"POLYGON ((963900 1950900, 963900 1951000, 964000 1951000, 964000 1950900, 963900 1950900))"
28,467,다사635508,1927,3901,"POLYGON ((963500 1950800, 963500 1950900, 963600 1950900, 963600 1950800, 963500 1950800))"
28,468,다사636508,1927,3901,"POLYGON ((963600 1950800, 963600 1950900, 963700 1950900, 963700 1950800, 963600 1950800))"
28,469,다사637508,1927,3901,"POLYGON ((963700 1950800, 963700 1950900, 963800 1950900, 963800 1950800, 963700 1950800))"
28,470,다사638508,1927,3901,"POLYGON ((963800 1950800, 963800 1950900, 963900 1950900, 963900 1950800, 963800 1950800))"
28,471,다사639508,1927,3901,"POLYGON ((963900 1950800, 963900 1950900, 964000 1950900, 964000 1950800, 963900 1950800))"
28,507,다사635507,1927,3901,"POLYGON ((963500 1950700, 963500 1950800, 963600 1950800, 963600 1950700, 963500 1950700))"
28,508,다사636507,1927,3901,"POLYGON ((963600 1950700, 963600 1950800, 963700 1950800, 963700 1950700, 963600 1950700))"
28,509,다사637507,1927,3901,"POLYGON ((963700 1950700, 963700 1950800, 963800 1950800, 963800 1950700, 963700 1950700))"
28,510,다사638507,1927,3901,"POLYGON ((963800 1950700, 963800 1950800, 963900 1950800, 963900 1950700, 963800 1950700))"
28,511,다사639507,1927,3901,"POLYGON ((963900 1950700, 963900 1950800, 964000 1950800, 964000 1950700, 963900 1950700))"
28,547,다사635506,1927,3901,"POLYGON ((963500 1950600, 963500 1950700, 963600 1950700, 963600 1950600, 963500 1950600))"
28,548,다사636506,1927,3901,"POLYGON ((963600 1950600, 963600 1950700, 963700 1950700, 963700 1950600, 963600 1950600))"
28,549,다사637506,1927,3901,"POLYGON ((963700 1950600, 963700 1950700, 963800 1950700, 963800 1950600, 963700 1950600))"
28,550,다사638506,1927,3901,"POLYGON ((963800 1950600, 963800 1950700, 963900 1950700, 963900 1950600, 963800 1950600))"
28,551,다사639506,1927,3901,"POLYGON ((963900 1950600, 963900 1950700, 964000 1950700, 964000 1950600, 963900 1950600))"
28,587,다사635505,1927,3901,"POLYGON ((963500 1950500, 963500 1950600, 963600 1950600, 963600 1950500, 963500 1950500))"
28,588,다사636505,1927,3901,"POLYGON ((963600 1950500, 963600 1950600, 963700 1950600, 963700 1950500, 963600 1950500))"
28,589,다사637505,1927,3901,"POLYGON ((963700 1950500, 963700 1950600, 963800 1950600, 963800 1950500, 963700 1950500))"
28,590,다사638505,1927,3901,"POLYGON ((963800 1950500, 963800 1950600, 963900 1950600, 963900 1950500, 963800 1950500))"
28,591,다사639505,1927,3901,"POLYGON ((963900 1950500, 963900 1950600, 964000 1950600, 964000 1950500, 963900 1950500))"
29,434,다사640509,1928,3901,"POLYGON ((964000 1950900, 964000 1951000, 964100 1951000, 964100 1950900, 964000 1950900))"
29,435,다사641509,1928,3901,"POLYGON ((964100 1950900, 964100 1951000, 964200 1951000, 964200 1950900, 964100 1950900))"
29,436,다사642509,1928,3901,"POLYGON ((964200 1950900, 964200 1951000, 964300 1951000, 964300 1950900, 964200 1950900))"
29,437,다사643509,1928,3901,"POLYGON ((964300 1950900, 964300 1951000, 964400 1951000, 964400 1950900, 964300 1950900))"
29,438,다사644509,1928,3901,"POLYGON ((964400 1950900, 964400 1951000, 964500 1951000, 964500 1950900, 964400 1950900))"
29,472,다사640508,1928,3901,"POLYGON ((964000 1950800, 964000 1950900, 964100 1950900, 964100 1950800, 964000 1950800))"
29,473,다사641508,1928,3901,"POLYGON ((964100 1950800, 964100 1950900, 964200 1950900, 964200 1950800, 964100 1950800))"
29,474,다사642508,1928,3901,"POLYGON ((964200 1950800, 964200 1950900, 964300 1950900, 964300 1950800, 964200 1950800))"
29,475,다사643508,1928,3901,"POLYGON ((964300 1950800, 964300 1950900, 964400 1950900, 964400 1950800, 964300 1950800))"
29,476,다사644508,1928,3901,"POLYGON ((964400 1950800, 964400 1950900, 964500 1950900, 964500 1950800, 964400 1950800))"
29,512,다사640507,1928,3901,"POLYGON ((964000 1950700, 964000 1950800, 964100 1950800, 964100 1950700, 964000 1950700))"
29,513,다사641507,1928,3901,"POLYGON ((964100 1950700, 964100 1950800, 964200 1950800, 964200 1950700, 964100 1950700))"
29,514,다사642507,1928,3901,"POLYGON ((964200 1950700, 964200 1950800, 964300 1950800, 964300 1950700, 964200 1950700))"
29,515,다사643507,1928,3901,"POLYGON ((964300 1950700, 964300 1950800, 964400 1950800, 964400 1950700, 964300 1950700))"
29,516,다사644507,1928,3901,"POLYGON ((964400 1950700, 964400 1950800, 964500 1950800, 964500 1950700, 964400 1950700))"
29,552,다사640506,1928,3901,"POLYGON ((964000 1950600, 964000 1950700, 964100 1950700, 964100 1950600, 964000 1950600))"
29,553,다사641506,1928,3901,"POLYGON ((964100 1950600, 964100 1950700, 964200 1950700, 964200 1950600, 964100 1950600))"
29,554,다사642506,1928,3901,"POLYGON ((964200 1950600, 964200 1950700, 964300 1950700, 964300 1950600, 964200 1950600))"
29,555,다사643506,1928,3901,"POLYGON ((964300 1950600, 964300 1950700, 964400 1950700, 964400 1950600, 964300 1950600))"
29,556,다사644506,1928,3901,"POLYGON ((964400 1950600, 964400 1950700, 964500 1950700, 964500 1950600, 964400 1950600))"
29,592,다사640505,1928,3901,"POLYGON ((964000 1950500, 964000 1950600, 964100 1950600, 964100 1950500, 964000 1950500))"
29,593,다사641505,1928,3901,"POLYGON ((964100 1950500, 964100 1950600, 964200 1950600, 964200 1950500, 964100 1950500))"
29,594,다사642505,1928,3901,"POLYGON ((964200 1950500, 964200 1950600, 964300 1950600, 964300 1950500, 964200 1950500))"
29,595,다사643505,1928,3901,"POLYGON ((964300 1950500, 964300 1950600, 964400 1950600, 964400 1950500, 964300 1950500))"
29,596,다사644505,1928,3901,"POLYGON ((964400 1950500, 964400 1950600, 964500 1950600, 964500 1950500, 964400 1950500))"
30,439,다사645509,1929,3901,"POLYGON ((964500 1950900, 964500 1951000, 964600 1951000, 964600 1950900, 964500 1950900))"
30,440,다사646509,1929,3901,"POLYGON ((964600 1950900, 964600 1951000, 964700 1951000, 964700 1950900, 964600 1950900))"
30,441,다사647509,1929,3901,"POLYGON ((964700 1950900, 964700 1951000, 964800 1951000, 964800 1950900, 964700 1950900))"
30,442,다사648509,1929,3901,"POLYGON ((964800 1950900, 964800 1951000, 964900 1951000, 964900 1950900, 964800 1950900))"
30,443,다사649509,1929,3901,"POLYGON ((964900 1950900, 964900 1951000, 965000 1951000, 965000 1950900, 964900 1950900))"
30,477,다사645508,1929,3901,"POLYGON ((964500 1950800, 964500 1950900, 964600 1950900, 964600 1950800, 964500 1950800))"
30,478,다사646508,1929,3901,"POLYGON ((964600 1950800, 964600 1950900, 964700 1950900, 964700 1950800, 964600 1950800))"
30,479,다사647508,1929,3901,"POLYGON ((964700 1950800, 964700 1950900, 964800 1950900, 964800 1950800, 964700 1950800))"
30,480,다사648508,1929,3901,"POLYGON ((964800 1950800, 964800 1950900, 964900 1950900, 964900 1950800, 964800 1950800))"
30,481,다사649508,1929,3901,"POLYGON ((964900 1950800, 964900 1950900, 965000 1950900, 965000 1950800, 964900 1950800))"
30,517,다사645507,1929,3901,"POLYGON ((964500 1950700, 964500 1950800, 964600 1950800, 964600 1950700, 964500 1950700))"
30,518,다사646507,1929,3901,"POLYGON ((964600 1950700, 964600 1950800, 964700 1950800, 964700 1950700, 964600 1950700))"
30,519,다사647507,1929,3901,"POLYGON ((964700 1950700, 964700 1950800, 964800 1950800, 964800 1950700, 964700 1950700))"
30,520,다사648507,1929,3901,"POLYGON ((964800 1950700, 964800 1950800, 964900 1950800, 964900 1950700, 964800 1950700))"
30,521,다사649507,1929,3901,"POLYGON ((964900 1950700, 964900 1950800, 965000 1950800, 965000 1950700, 964900 1950700))"
30,557,다사645506,1929,3901,"POLYGON ((964500 1950600, 964500 1950700, 964600 1950700, 964600 1950600, 964500 1950600))"
30,558,다사646506,1929,3901,"POLYGON ((964600 1950600, 964600 1950700, 964700 1950700, 964700 1950600, 964600 1950600))"
30,559,다사647506,1929,3901,"POLYGON ((964700 1950600, 964700 1950700, 964800 1950700, 964800 1950600, 964700 1950600))"
30,560,다사648506,1929,3901,"POLYGON ((964800 1950600, 964800 1950700, 964900 1950700, 964900 1950600, 964800 1950600))"
30,561,다사649506,1929,3901,"POLYGON ((964900 1950600, 964900 1950700, 965000 1950700, 965000 1950600, 964900 1950600))"
30,597,다사645505,1929,3901,"POLYGON ((964500 1950500, 964500 1950600, 964600 1950600, 964600 1950500, 964500 1950500))"
30,598,다사646505,1929,3901,"POLYGON ((964600 1950500, 964600 1950600, 964700 1950600, 964700 1950500, 964600 1950500))"
30,599,다사647505,1929,3901,"POLYGON ((964700 1950500, 964700 1950600, 964800 1950600, 964800 1950500, 964700 1950500))"
30,600,다사648505,1929,3901,"POLYGON ((964800 1950500, 964800 1950600, 964900 1950600, 964900 1950500, 964800 1950500))"
30,601,다사649505,1929,3901,"POLYGON ((964900 1950500, 964900 1950600, 965000 1950600, 965000 1950500, 964900 1950500))"
31,444,다사650509,1930,3901,"POLYGON ((965000 1950900, 965000 1951000, 965100 1951000, 965100 1950900, 965000 1950900))"
31,445,다사652509,1930,3901,"POLYGON ((965200 1950900, 965200 1951000, 965300 1951000, 965300 1950900, 965200 1950900))"
31,446,다사653509,1930,3901,"POLYGON ((965300 1950900, 965300 1951000, 965400 1951000, 965400 1950900, 965300 1950900))"
31,447,다사654509,1930,3901,"POLYGON ((965400 1950900, 965400 1951000, 965500 1951000, 965500 1950900, 965400 1950900))"
31,482,다사650508,1930,3901,"POLYGON ((965000 1950800, 965000 1950900, 965100 1950900, 965100 1950800, 965000 1950800))"
31,483,다사651508,1930,3901,"POLYGON ((965100 1950800, 965100 1950900, 965200 1950900, 965200 1950800, 965100 1950800))"
31,484,다사652508,1930,3901,"POLYGON ((965200 1950800, 965200 1950900, 965300 1950900, 965300 1950800, 965200 1950800))"
31,485,다사653508,1930,3901,"POLYGON ((965300 1950800, 965300 1950900, 965400 1950900, 965400 1950800, 965300 1950800))"
31,486,다사654508,1930,3901,"POLYGON ((965400 1950800, 965400 1950900, 965500 1950900, 965500 1950800, 965400 1950800))"
31,522,다사650507,1930,3901,"POLYGON ((965000 1950700, 965000 1950800, 965100 1950800, 965100 1950700, 965000 1950700))"
31,523,다사651507,1930,3901,"POLYGON ((965100 1950700, 965100 1950800, 965200 1950800, 965200 1950700, 965100 1950700))"
31,524,다사652507,1930,3901,"POLYGON ((965200 1950700, 965200 1950800, 965300 1950800, 965300 1950700, 965200 1950700))"
31,525,다사653507,1930,3901,"POLYGON ((965300 1950700, 965300 1950800, 965400 1950800, 965400 1950700, 965300 1950700))"
31,526,다사654507,1930,3901,"POLYGON ((965400 1950700, 965400 1950800, 965500 1950800, 965500 1950700, 965400 1950700))"
31,562,다사650506,1930,3901,"POLYGON ((965000 1950600, 965000 1950700, 965100 1950700, 965100 1950600, 965000 1950600))"
31,563,다사651506,1930,3901,"POLYGON ((965100 1950600, 965100 1950700, 965200 1950700, 965200 1950600, 965100 1950600))"
31,564,다사652506,1930,3901,"POLYGON ((965200 1950600, 965200 1950700, 965300 1950700, 965300 1950600, 965200 1950600))"
31,565,다사653506,1930,3901,"POLYGON ((965300 1950600, 965300 1950700, 965400 1950700, 965400 1950600, 965300 1950600))"
31,566,다사654506,1930,3901,"POLYGON ((965400 1950600, 965400 1950700, 965500 1950700, 965500 1950600, 965400 1950600))"
31,602,다사650505,1930,3901,"POLYGON ((965000 1950500, 965000 1950600, 965100 1950600, 965100 1950500, 965000 1950500))"
31,603,다사651505,1930,3901,"POLYGON ((965100 1950500, 965100 1950600, 965200 1950600, 965200 1950500, 965100 1950500))"
31,604,다사652505,1930,3901,"POLYGON ((965200 1950500, 965200 1950600, 965300 1950600, 965300 1950500, 965200 1950500))"
31,605,다사653505,1930,3901,"POLYGON ((965300 1950500, 965300 1950600, 965400 1950600, 965400 1950500, 965300 1950500))"
31,606,다사654505,1930,3901,"POLYGON ((965400 1950500, 965400 1950600, 965500 1950600, 965500 1950500, 965400 1950500))"
32,448,다사655509,1931,3901,"POLYGON ((965500 1950900, 965500 1951000, 965600 1951000, 965600 1950900, 965500 1950900))"
32,449,다사656509,1931,3901,"POLYGON ((965600 1950900, 965600 1951000, 965700 1951000, 965700 1950900, 965600 1950900))"
32,450,다사657509,1931,3901,"POLYGON ((965700 1950900, 965700 1951000, 965800 1951000, 965800 1950900, 965700 1950900))"
32,451,다사658509,1931,3901,"POLYGON ((965800 1950900, 965800 1951000, 965900 1951000, 965900 1950900, 965800 1950900))"
32,452,다사659509,1931,3901,"POLYGON ((965900 1950900, 965900 1951000, 966000 1951000, 966000 1950900, 965900 1950900))"
32,487,다사655508,1931,3901,"POLYGON ((965500 1950800, 965500 1950900, 965600 1950900, 965600 1950800, 965500 1950800))"
32,488,다사656508,1931,3901,"POLYGON ((965600 1950800, 965600 1950900, 965700 1950900, 965700 1950800, 965600 1950800))"
32,489,다사657508,1931,3901,"POLYGON ((965700 1950800, 965700 1950900, 965800 1950900, 965800 1950800, 965700 1950800))"
32,490,다사658508,1931,3901,"POLYGON ((965800 1950800, 965800 1950900, 965900 1950900, 965900 1950800, 965800 1950800))"
32,491,다사659508,1931,3901,"POLYGON ((965900 1950800, 965900 1950900, 966000 1950900, 966000 1950800, 965900 1950800))"
32,527,다사655507,1931,3901,"POLYGON ((965500 1950700, 965500 1950800, 965600 1950800, 965600 1950700, 965500 1950700))"
32,528,다사656507,1931,3901,"POLYGON ((965600 1950700, 965600 1950800, 965700 1950800, 965700 1950700, 965600 1950700))"
32,529,다사657507,1931,3901,"POLYGON ((965700 1950700, 965700 1950800, 965800 1950800, 965800 1950700, 965700 1950700))"
32,530,다사658507,1931,3901,"POLYGON ((965800 1950700, 965800 1950800, 965900 1950800, 965900 1950700, 965800 1950700))"
32,531,다사659507,1931,3901,"POLYGON ((965900 1950700, 965900 1950800, 966000 1950800, 966000 1950700, 965900 1950700))"
32,567,다사655506,1931,3901,"POLYGON ((965500 1950600, 965500 1950700, 965600 1950700, 965600 1950600, 965500 1950600))"
32,568,다사656506,1931,3901,"POLYGON ((965600 1950600, 965600 1950700, 965700 1950700, 965700 1950600, 965600 1950600))"
32,569,다사657506,1931,3901,"POLYGON ((965700 1950600, 965700 1950700, 965800 1950700, 965800 1950600, 965700 1950600))"
32,570,다사658506,1931,3901,"POLYGON ((965800 1950600, 965800 1950700, 965900 1950700, 965900 1950600, 965800 1950600))"
32,571,다사659506,1931,3901,"POLYGON ((965900 1950600, 965900 1950700, 966000 1950700, 966000 1950600, 965900 1950600))"
32,607,다사655505,1931,3901,"POLYGON ((965500 1950500, 965500 1950600, 965600 1950600, 965600 1950500, 965500 1950500))"
32,608,다사656505,1931,3901,"POLYGON ((965600 1950500, 965600 1950600, 965700 1950600, 965700 1950500, 965600 1950500))"
32,609,다사657505,1931,3901,"POLYGON ((965700 1950500, 965700 1950600, 965800 1950600, 965800 1950500, 965700 1950500))"
32,610,다사658505,1931,3901,"POLYGON ((965800 1950500, 965800 1950600, 965900 1950600, 965900 1950500, 965800 1950500))"
32,611,다사659505,1931,3901,"POLYGON ((965900 1950500, 965900 1950600, 966000 1950600, 966000 1950500, 965900 1950500))"
37,623,다사630504,1926,3900,"POLYGON ((963000 1950400, 963000 1950500, 963100 1950500, 963100 1950400, 963000 1950400))"
37,624,다사631504,1926,3900,"POLYGON ((963100 1950400, 963100 1950500, 963200 1950500, 963200 1950400, 963100 1950400))"
37,625,다사632504,1926,3900,"POLYGON ((963200 1950400, 963200 1950500, 963300 1950500, 963300 1950400, 963200 1950400))"
37,626,다사633504,1926,3900,"POLYGON ((963300 1950400, 963300 1950500, 963400 1950500, 963400 1950400, 963300 1950400))"
37,627,다사634504,1926,3900,"POLYGON ((963400 1950400, 963400 1950500, 963500 1950500, 963500 1950400, 963400 1950400))"
37,663,다사630503,1926,3900,"POLYGON ((963000 1950300, 963000 1950400, 963100 1950400, 963100 1950300, 963000 1950300))"
37,664,다사631503,1926,3900,"POLYGON ((963100 1950300, 963100 1950400, 963200 1950400, 963200 1950300, 963100 1950300))"
37,665,다사632503,1926,3900,"POLYGON ((963200 1950300, 963200 1950400, 963300 1950400, 963300 1950300, 963200 1950300))"
37,666,다사633503,1926,3900,"POLYGON ((963300 1950300, 963300 1950400, 963400 1950400, 963400 1950300, 963300 1950300))"
37,667,다사634503,1926,3900,"POLYGON ((963400 1950300, 963400 1950400, 963500 1950400, 963500 1950300, 963400 1950300))"
37,704,다사630502,1926,3900,"POLYGON ((963000 1950200, 963000 1950300, 963100 1950300, 963100 1950200, 963000 1950200))"
37,705,다사631502,1926,3900,"POLYGON ((963100 1950200, 963100 1950300, 963200 1950300, 963200 1950200, 963100 1950200))"
37,706,다사632502,1926,3900,"POLYGON ((963200 1950200, 963200 1950300, 963300 1950300, 963300 1950200, 963200 1950200))"
37,707,다사633502,1926,3900,"POLYGON ((963300 1950200, 963300 1950300, 963400 1950300, 963400 1950200, 963300 1950200))"
37,708,다사634502,1926,3900,"POLYGON ((963400 1950200, 963400 1950300, 963500 1950300, 963500 1950200, 963400 1950200))"
37,744,다사630501,1926,3900,"POLYGON ((963000 1950100, 963000 1950200, 963100 1950200, 963100 1950100, 963000 1950100))"
37,745,다사631501,1926,3900,"POLYGON ((963100 1950100, 963100 1950200, 963200 1950200, 963200 1950100, 963100 1950100))"
37,746,다사632501,1926,3900,"POLYGON ((963200 1950100, 963200 1950200, 963300 1950200, 963300 1950100, 963200 1950100))"
37,747,다사633501,1926,3900,"POLYGON ((963300 1950100, 963300 1950200, 963400 1950200, 963400 1950100, 963300 1950100))"
37,748,다사634501,1926,3900,"POLYGON ((963400 1950100, 963400 1950200, 963500 1950200, 963500 1950100, 963400 1950100))"
37,783,다사630500,1926,3900,"POLYGON ((963000 1950000, 963000 1950100, 963100 1950100, 963100 1950000, 963000 1950000))"
37,784,다사631500,1926,3900,"POLYGON ((963100 1950000, 963100 1950100, 963200 1950100, 963200 1950000, 963100 1950000))"
37,785,다사632500,1926,3900,"POLYGON ((963200 1950000, 963200 1950100, 963300 1950100, 963300 1950000, 963200 1950000))"
37,786,다사633500,1926,3900,"POLYGON ((963300 1950000, 963300 1950100, 963400 1950100, 963400 1950000, 963300 1950000))"
37,787,다사634500,1926,3900,"POLYGON ((963400 1950000, 963400 1950100, 963500 1950100, 963500 1950000, 963400 1950000))"
39,633,다사640504,1928,3900,"POLYGON ((964000 1950400, 964000 1950500, 964100 1950500, 964100 1950400, 964000 1950400))"
39,634,다사641504,1928,3900,"POLYGON ((964100 1950400, 964100 1950500, 964200 1950500, 964200 1950400, 964100 1950400))"
39,635,다사642504,1928,3900,"POLYGON ((964200 1950400, 964200 1950500, 964300 1950500, 964300 1950400, 964200 1950400))"
39,636,다사643504,1928,3900,"POLYGON ((964300 1950400, 964300 1950500, 964400 1950500, 964400 1950400, 964300 1950400))"
39,637,다사644504,1928,3900,"POLYGON ((964400 1950400, 964400 1950500, 964500 1950500, 964500 1950400, 964400 1950400))"
39,673,다사640503,1928,3900,"POLYGON ((964000 1950300, 964000 1950400, 964100 1950400, 964100 1950300, 964000 1950300))"
39,674,다사641503,1928,3900,"POLYGON ((964100 1950300, 964100 1950400, 964200 1950400, 964200 1950300, 964100 1950300))"
39,675,다사642503,1928,3900,"POLYGON ((964200 1950300, 964200 1950400, 964300 1950400, 964300 1950300, 964200 1950300))"
39,676,다사643503,1928,3900,"POLYGON ((964300 1950300, 964300 1950400, 964400 1950400, 964400 1950300, 964300 1950300))"
39,677,다사644503,1928,3900,"POLYGON ((964400 1950300, 964400 1950400, 964500 1950400, 964500 1950300, 964400 1950300))"
39,714,다사640502,1928,3900,"POLYGON ((964000 1950200, 964000 1950300, 964100 1950300, 964100 1950200, 964000 1950200))"
39,715,다사641502,1928,3900,"POLYGON ((964100 1950200, 964100 1950300, 964200 1950300, 964200 1950200, 964100 1950200))"
39,716,다사642502,1928,3900,"POLYGON ((964200 1950200, 964200 1950300, 964300 1950300, 964300 1950200, 964200 1950200))"
39,717,다사643502,1928,3900,"POLYGON ((964300 1950200, 964300 1950300, 964400 1950300, 964400 1950200, 964300 1950200))"
39,718,다사644502,1928,3900,"POLYGON ((964400 1950200, 964400 1950300, 964500 1950300, 964500 1950200, 964400 1950200))"
39,754,다사640501,1928,3900,"POLYGON ((964000 1950100, 964000 1950200, 964100 1950200, 964100 1950100, 964000 1950100))"
39,755,다사641501,1928,3900,"POLYGON ((964100 1950100, 964100 1950200, 964200 1950200, 964200 1950100, 964100 1950100))"
39,756,다사642501,1928,3900,"POLYGON ((964200 1950100, 964200 1950200, 964300 1950200, 964300 1950100, 964200 1950100))"
39,757,다사643501,1928,3900,"POLYGON ((964300 1950100, 964300 1950200, 964400 1950200, 964400 1950100, 964300 1950100))"
39,758,다사644501,1928,3900,"POLYGON ((964400 1950100, 964400 1950200, 964500 1950200, 964500 1950100, 964400 1950100))"
39,793,다사640500,1928,3900,"POLYGON ((964000 1950000, 964000 1950100, 964100 1950100, 964100 1950000, 964000 1950000))"
39,794,다사641500,1928,3900,"POLYGON ((964100 1950000, 964100 1950100, 964200 1950100, 964200 1950000, 964100 1950000))"
39,795,다사642500,1928,3900,"POLYGON ((964200 1950000, 964200 1950100, 964300 1950100, 964300 1950000, 964200 1950000))"
39,796,다사643500,1928,3900,"POLYGON ((964300 1950000, 964300 1950100, 964400 1950100, 964400 1950000, 964300 1950000))"
39,797,다사644500,1928,3900,"POLYGON ((964400 1950000, 964400 1950100, 964500 1950100, 964500 1950000, 964400 1950000))"
40,638,다사645504,1929,3900,"POLYGON ((964500 1950400, 964500 1950500, 964600 1950500, 964600 1950400, 964500 1950400))"
40,639,다사646504,1929,3900,"POLYGON ((964600 1950400, 964600 1950500, 964700 1950500, 964700 1950400, 964600 1950400))"
40,640,다사647504,1929,3900,"POLYGON ((964700 1950400, 964700 1950500, 964800 1950500, 964800 1950400, 964700 1950400))"
40,641,다사648504,1929,3900,"POLYGON ((964800 1950400, 964800 1950500, 964900 1950500, 964900 1950400, 964800 1950400))"
40,642,다사649504,1929,3900,"POLYGON ((964900 1950400, 964900 1950500, 965000 1950500, 965000 1950400, 964900 1950400))"
40,678,다사645503,1929,3900,"POLYGON ((964500 1950300, 964500 1950400, 964600 1950400, 964600 1950300, 964500 1950300))"
40,679,다사646503,1929,3900,"POLYGON ((964600 1950300, 964600 1950400, 964700 1950400, 964700 1950300, 964600 1950300))"
40,680,다사647503,1929,3900,"POLYGON ((964700 1950300, 964700 1950400, 964800 1950400, 964800 1950300, 964700 1950300))"
40,681,다사648503,1929,3900,"POLYGON ((964800 1950300, 964800 1950400, 964900 1950400, 964900 1950300, 964800 1950300))"
40,682,다사649503,1929,3900,"POLYGON ((964900 1950300, 964900 1950400, 965000 1950400, 965000 1950300, 964900 1950300))"
40,719,다사645502,1929,3900,"POLYGON ((964500 1950200, 964500 1950300, 964600 1950300, 964600 1950200, 964500 1950200))"
40,720,다사646502,1929,3900,"POLYGON ((964600 1950200, 964600 1950300, 964700 1950300, 964700 1950200, 964600 1950200))"
40,721,다사647502,1929,3900,"POLYGON ((964700 1950200, 964700 1950300, 964800 1950300, 964800 1950200, 964700 1950200))"
40,722,다사648502,1929,3900,"POLYGON ((964800 1950200, 964800 1950300, 964900 1950300, 964900 1950200, 964800 1950200))"
40,723,다사649502,1929,3900,"POLYGON ((964900 1950200, 964900 1950300, 965000 1950300, 965000 1950200, 964900 1950200))"
40,759,다사645501,1929,3900,"POLYGON ((964500 1950100, 964500 1950200, 964600 1950200, 964600 1950100, 964500 1950100))"
40,760,다사646501,1929,3900,"POLYGON ((964600 1950100, 964600 1950200, 964700 1950200, 964700 1950100, 964600 1950100))"
40,761,다사647501,1929,3900,"POLYGON ((964700 1950100, 964700 1950200, 964800 1950200, 964800 1950100, 964700 1950100))"
40,762,다사648501,1929,3900,"POLYGON ((964800 1950100, 964800 1950200, 964900 1950200, 964900 1950100, 964800 1950100))"
40,763,다사649501,1929,3900,"POLYGON ((964900 1950100, 964900 1950200, 965000 1950200, 965000 1950100, 964900 1950100))"
40,798,다사645500,1929,3900,"POLYGON ((964500 1950000, 964500 1950100, 964600 1950100, 964600 1950000, 964500 1950000))"
40,799,다사646500,1929,3900,"POLYGON ((964600 1950000, 964600 1950100, 964700 1950100, 964700 1950000, 964600 1950000))"
40,800,다사647500,1929,3900,"POLYGON ((964700 1950000, 964700 1950100, 964800 1950100, 964800 1950000, 964700 1950000))"
40,801,다사648500,1929,3900,"POLYGON ((964800 1950000, 964800 1950100, 964900 1950100, 964900 1950000, 964800 1950000))"
40,802,다사649500,1929,3900,"POLYGON ((964900 1950000, 964900 1950100, 965000 1950100, 965000 1950000, 964900 1950000))"
41,643,다사650504,1930,3900,"POLYGON ((965000 1950400, 965000 1950500, 965100 1950500, 965100 1950400, 965000 1950400))"
41,644,다사651504,1930,3900,"POLYGON ((965100 1950400, 965100 1950500, 965200 1950500, 965200 1950400, 965100 1950400))"
41,645,다사652504,1930,3900,"POLYGON ((965200 1950400, 965200 1950500, 965300 1950500, 965300 1950400, 965200 1950400))"
41,646,다사653504,1930,3900,"POLYGON ((965300 1950400, 965300 1950500, 965400 1950500, 965400 1950400, 965300 1950400))"
41,647,다사654504,1930,3900,"POLYGON ((965400 1950400, 965400 1950500, 965500 1950500, 965500 1950400, 965400 1950400))"
41,683,다사650503,1930,3900,"POLYGON ((965000 1950300, 965000 1950400, 965100 1950400, 965100 1950300, 965000 1950300))"
41,684,다사651503,1930,3900,"POLYGON ((965100 1950300, 965100 1950400, 965200 1950400, 965200 1950300, 965100 1950300))"
41,685,다사652503,1930,3900,"POLYGON ((965200 1950300, 965200 1950400, 965300 1950400, 965300 1950300, 965200 1950300))"
41,686,다사653503,1930,3900,"POLYGON ((965300 1950300, 965300 1950400, 965400 1950400, 965400 1950300, 965300 1950300))"
41,687,다사654503,1930,3900,"POLYGON ((965400 1950300, 965400 1950400, 965500 1950400, 965500 1950300, 965400 1950300))"
41,724,다사650502,1930,3900,"POLYGON ((965000 1950200, 965000 1950300, 965100 1950300, 965100 1950200, 965000 1950200))"
41,725,다사651502,1930,3900,"POLYGON ((965100 1950200, 965100 1950300, 965200 1950300, 965200 1950200, 965100 1950200))"
41,726,다사652502,1930,3900,"POLYGON ((965200 1950200, 965200 1950300, 965300 1950300, 965300 1950200, 965200 1950200))"
41,727,다사653502,1930,3900,"POLYGON ((965300 1950200, 965300 1950300, 965400 1950300, 965400 1950200, 965300 1950200))"
41,728,다사654502,1930,3900,"POLYGON ((965400 1950200, 965400 1950300, 965500 1950300, 965500 1950200, 965400 1950200))"
41,764,다사650501,1930,3900,"POLYGON ((965000 1950100, 965000 1950200, 965100 1950200, 965100 1950100, 965000 1950100))"
41,765,다사651501,1930,3900,"POLYGON ((965100 1950100, 965100 1950200, 965200 1950200, 965200 1950100, 965100 1950100))"
41,766,다사652501,1930,3900,"POLYGON ((965200 1950100, 965200 1950200, 965300 1950200, 965300 1950100, 965200 1950100))"
41,767,다사653501,1930,3900,"POLYGON ((965300 1950100, 965300 1950200, 965400 1950200, 965400 1950100, 965300 1950100))"
41,768,다사654501,1930,3900,"POLYGON ((965400 1950100, 965400 1950200, 965500 1950200, 965500 1950100, 965400 1950100))"
41,803,다사650500,1930,3900,"POLYGON ((965000 1950000, 965000 1950100, 965100 1950100, 965100 1950000, 965000 1950000))"
41,804,다사651500,1930,3900,"POLYGON ((965100 1950000, 965100 1950100, 965200 1950100, 965200 1950000, 965100 1950000))"
41,805,다사652500,1930,3900,"POLYGON ((965200 1950000, 965200 1950100, 965300 1950100, 965300 1950000, 965200 1950000))"
41,806,다사653500,1930,3900,"POLYGON ((965300 1950000, 965300 1950100, 965400 1950100, 965400 1950000, 965300 1950000))"
41,807,다사654500,1930,3900,"POLYGON ((965400 1950000, 965400 1950100, 965500 1950100, 965500 1950000, 965400 1950000))"
48,833,다사640499,1928,3899,"POLYGON ((964000 1949900, 964000 1950000, 964100 1950000, 964100 1949900, 964000 1949900))"
48,834,다사641499,1928,3899,"POLYGON ((964100 1949900, 964100 1950000, 964200 1950000, 964200 1949900, 964100 1949900))"
48,835,다사642499,1928,3899,"POLYGON ((964200 1949900, 964200 1950000, 964300 1950000, 964300 1949900, 964200 1949900))"
48,836,다사643499,1928,3899,"POLYGON ((964300 1949900, 964300 1950000, 964400 1950000, 964400 1949900, 964300 1949900))"
48,837,다사644499,1928,3899,"POLYGON ((964400 1949900, 964400 1950000, 964500 1950000, 964500 1949900, 964400 1949900))"
48,873,다사640498,1928,3899,"POLYGON ((964000 1949800, 964000 1949900, 964100 1949900, 964100 1949800, 964000 1949800))"
48,874,다사641498,1928,3899,"POLYGON ((964100 1949800, 964100 1949900, 964200 1949900, 964200 1949800, 964100 1949800))"
48,875,다사642498,1928,3899,"POLYGON ((964200 1949800, 964200 1949900, 964300 1949900, 964300 1949800, 964200 1949800))"
48,876,다사643498,1928,3899,"POLYGON ((964300 1949800, 964300 1949900, 964400 1949900, 964400 1949800, 964300 1949800))"
48,877,다사644498,1928,3899,"POLYGON ((964400 1949800, 964400 1949900, 964500 1949900, 964500 1949800, 964400 1949800))"
48,914,다사640497,1928,3899,"POLYGON ((964000 1949700, 964000 1949800, 964100 1949800, 964100 1949700, 964000 1949700))"
48,915,다사641497,1928,3899,"POLYGON ((964100 1949700, 964100 1949800, 964200 1949800, 964200 1949700, 964100 1949700))"
48,916,다사642497,1928,3899,"POLYGON ((964200 1949700, 964200 1949800, 964300 1949800, 964300 1949700, 964200 1949700))"
48,917,다사643497,1928,3899,"POLYGON ((964300 1949700, 964300 1949800, 964400 1949800, 964400 1949700, 964300 1949700))"
48,918,다사644497,1928,3899,"POLYGON ((964400 1949700, 964400 1949800, 964500 1949800, 964500 1949700, 964400 1949700))"
48,955,다사640496,1928,3899,"POLYGON ((964000 1949600, 964000 1949700, 964100 1949700, 964100 1949600, 964000 1949600))"
48,956,다사641496,1928,3899,"POLYGON ((964100 1949600, 964100 1949700, 964200 1949700, 964200 1949600, 964100 1949600))"
48,957,다사642496,1928,3899,"POLYGON ((964200 1949600, 964200 1949700, 964300 1949700, 964300 1949600, 964200 1949600))"
48,958,다사643496,1928,3899,"POLYGON ((964300 1949600, 964300 1949700, 964400 1949700, 964400 1949600, 964300 1949600))"
48,959,다사644496,1928,3899,"POLYGON ((964400 1949600, 964400 1949700, 964500 1949700, 964500 1949600, 964400 1949600))"
48,997,다사640495,1928,3899,"POLYGON ((964000 1949500, 964000 1949600, 964100 1949600, 964100 1949500, 964000 1949500))"
48,998,다사641495,1928,3899,"POLYGON ((964100 1949500, 964100 1949600, 964200 1949600, 964200 1949500, 964100 1949500))"
48,999,다사642495,1928,3899,"POLYGON ((964200 1949500, 964200 1949600, 964300 1949600, 964300 1949500, 964200 1949500))"
48,1000,다사643495,1928,3899,"POLYGON ((964300 1949500, 964300 1949600, 964400 1949600, 964400 1949500, 964300 1949500))"
48,1001,다사644495,1928,3899,"POLYGON ((964400 1949500, 964400 1949600, 964500 1949600, 964500 1949500, 964400 1949500))"
49,838,다사645499,1929,3899,"POLYGON ((964500 1949900, 964500 1950000, 964600 1950000, 964600 1949900, 964500 1949900))"
49,839,다사646499,1929,3899,"POLYGON ((964600 1949900, 964600 1950000, 964700 1950000, 964700 1949900, 964600 1949900))"
49,840,다사647499,1929,3899,"POLYGON ((964700 1949900, 964700 1950000, 964800 1950000, 964800 1949900, 964700 1949900))"
49,841,다사648499,1929,3899,"POLYGON ((964800 1949900, 964800 1950000, 964900 1950000, 964900 1949900, 964800 1949900))"
49,842,다사649499,1929,3899,"POLYGON ((964900 1949900, 964900 1950000, 965000 1950000, 965000 1949900, 964900 1949900))"
49,878,다사645498,1929,3899,"POLYGON ((964500 1949800, 964500 1949900, 964600 1949900, 964600 1949800, 964500 1949800))"
49,879,다사646498,1929,3899,"POLYGON ((964600 1949800, 964600 1949900, 964700 1949900, 964700 1949800, 964600 1949800))"
49,880,다사647498,1929,3899,"POLYGON ((964700 1949800, 964700 1949900, 964800 1949900, 964800 1949800, 964700 1949800))"
49,881,다사648498,1929,3899,"POLYGON ((964800 1949800, 964800 1949900, 964900 1949900, 964900 1949800, 964800 1949800))"
49,882,다사649498,1929,3899,"POLYGON ((964900 1949800, 964900 1949900, 965000 1949900, 965000 1949800, 964900 1949800))"
49,919,다사645497,1929,3899,"POLYGON ((964500 1949700, 964500 1949800, 964600 1949800, 964600 1949700, 964500 1949700))"
49,920,다사646497,1929,3899,"POLYGON ((964600 1949700, 964600 1949800, 964700 1949800, 964700 1949700, 964600 1949700))"
49,921,다사647497,1929,3899,"POLYGON ((964700 1949700, 964700 1949800, 964800 1949800, 964800 1949700, 964700 1949700))"
49,922,다사648497,1929,3899,"POLYGON ((964800 1949700, 964800 1949800, 964900 1949800, 964900 1949700, 964800 1949700))"
49,923,다사649497,1929,3899,"POLYGON ((964900 1949700, 964900 1949800, 965000 1949800, 965000 1949700, 964900 1949700))"
49,960,다사645496,1929,3899,"POLYGON ((964500 1949600, 964500 1949700, 964600 1949700, 964600 1949600, 964500 1949600))"
49,961,다사646496,1929,3899,"POLYGON ((964600 1949600, 964600 1949700, 964700 1949700, 964700 1949600, 964600 1949600))"
49,962,다사647496,1929,3899,"POLYGON ((964700 1949600, 964700 1949700, 964800 1949700, 964800 1949600, 964700 1949600))"
49,963,다사648496,1929,3899,"POLYGON ((964800 1949600, 964800 1949700, 964900 1949700, 964900 1949600, 964800 1949600))"
49,964,다사649496,1929,3899,"POLYGON ((964900 1949600, 964900 1949700, 965000 1949700, 965000 1949600, 964900 1949600))"
49,1002,다사645495,1929,3899,"POLYGON ((964500 1949500, 964500 1949600, 964600 1949600, 964600 1949500, 964500 1949500))"
49,1003,다사646495,1929,3899,"POLYGON ((964600 1949500, 964600 1949600, 964700 1949600, 964700 1949500, 964600 1949500))"
49,1004,다사647495,1929,3899,"POLYGON ((964700 1949500, 964700 1949600, 964800 1949600, 964800 1949500, 964700 1949500))"
49,1005,다사648495,1929,3899,"POLYGON ((964800 1949500, 964800 1949600, 964900 1949600, 964900 1949500, 964800 1949500))"
49,1006,다사649495,1929,3899,"POLYGON ((964900 1949500, 964900 1949600, 965000 1949600, 965000 1949500, 964900 1949500))"
50,843,다사650499,1930,3899,"POLYGON ((965000 1949900, 965000 1950000, 965100 1950000, 965100 1949900, 965000 1949900))"
50,844,다사651499,1930,3899,"POLYGON ((965100 1949900, 965100 1950000, 965200 1950000, 965200 1949900, 965100 1949900))"
50,845,다사652499,1930,3899,"POLYGON ((965200 1949900, 965200 1950000, 965300 1950000, 965300 1949900, 965200 1949900))"
50,846,다사653499,1930,3899,"POLYGON ((965300 1949900, 965300 1950000, 965400 1950000, 965400 1949900, 965300 1949900))"
50,847,다사654499,1930,3899,"POLYGON ((965400 1949900, 965400 1950000, 965500 1950000, 965500 1949900, 965400 1949900))"
50,883,다사650498,1930,3899,"POLYGON ((965000 1949800, 965000 1949900, 965100 1949900, 965100 1949800, 965000 1949800))"
50,884,다사651498,1930,3899,"POLYGON ((965100 1949800, 965100 1949900, 965200 1949900, 965200 1949800, 965100 1949800))"
50,885,다사652498,1930,3899,"POLYGON ((965200 1949800, 965200 1949900, 965300 1949900, 965300 1949800, 965200 1949800))"
50,886,다사653498,1930,3899,"POLYGON ((965300 1949800, 965300 1949900, 965400 1949900, 965400 1949800, 965300 1949800))"
50,887,다사654498,1930,3899,"POLYGON ((965400 1949800, 965400 1949900, 965500 1949900, 965500 1949800, 965400 1949800))"
50,924,다사650497,1930,3899,"POLYGON ((965000 1949700, 965000 1949800, 965100 1949800, 965100 1949700, 965000 1949700))"
50,925,다사651497,1930,3899,"POLYGON ((965100 1949700, 965100 1949800, 965200 1949800, 965200 1949700, 965100 1949700))"
50,926,다사652497,1930,3899,"POLYGON ((965200 1949700, 965200 1949800, 965300 1949800, 965300 1949700, 965200 1949700))"
50,927,다사653497,1930,3899,"POLYGON ((965300 1949700, 965300 1949800, 965400 1949800, 965400 1949700, 965300 1949700))"
50,928,다사654497,1930,3899,"POLYGON ((965400 1949700, 965400 1949800, 965500 1949800, 965500 1949700, 965400 1949700))"
50,965,다사650496,1930,3899,"POLYGON ((965000 1949600, 965000 1949700, 965100 1949700, 965100 1949600, 965000 1949600))"
50,966,다사651496,1930,3899,"POLYGON ((965100 1949600, 965100 1949700, 965200 1949700, 965200 1949600, 965100 1949600))"
50,967,다사652496,1930,3899,"POLYGON ((965200 1949600, 965200 1949700, 965300 1949700, 965300 1949600, 965200 1949600))"
50,968,다사653496,1930,3899,"POLYGON ((965300 1949600, 965300 1949700, 965400 1949700, 965400 1949600, 965300 1949600))"
50,969,다사654496,1930,3899,"POLYGON ((965400 1949600, 965400 1949700, 965500 1949700, 965500 1949600, 965400 1949600))"
50,1007,다사650495,1930,3899,"POLYGON ((965000 1949500, 965000 1949600, 965100 1949600, 965100 1949500, 965000 1949500))"
50,1008,다사651495,1930,3899,"POLYGON ((965100 1949500, 965100 1949600, 965200 1949600, 965200 1949500, 965100 1949500))"
50,1009,다사652495,1930,3899,"POLYGON ((965200 1949500, 965200 1949600, 965300 1949600, 965300 1949500, 965200 1949500))"
50,1010,다사653495,1930,3899,"POLYGON ((965300 1949500, 965300 1949600, 965400 1949600, 965400 1949500, 965300 1949500))"
50,1011,다사654495,1930,3899,"POLYGON ((965400 1949500, 965400 1949600, 965500 1949600, 965500 1949500, 965400 1949500))"
60,1048,다사650494,1930,3898,"POLYGON ((965000 1949400, 965000 1949500, 965100 1949500, 965100 1949400, 965000 1949400))"
60,1049,다사651494,1930,3898,"POLYGON ((965100 1949400, 965100 1949500, 965200 1949500, 965200 1949400, 965100 1949400))"
60,1050,다사652494,1930,3898,"POLYGON ((965200 1949400, 965200 1949500, 965300 1949500, 965300 1949400, 965200 1949400))"
60,1051,다사653494,1930,3898,"POLYGON ((965300 1949400, 965300 1949500, 965400 1949500, 965400 1949400, 965300 1949400))"
60,1052,다사654494,1930,3898,"POLYGON ((965400 1949400, 965400 1949500, 965500 1949500, 965500 1949400, 965400 1949400))"
60,1090,다사650493,1930,3898,"POLYGON ((965000 1949300, 965000 1949400, 965100 1949400, 965100 1949300, 965000 1949300))"
60,1091,다사651493,1930,3898,"POLYGON ((965100 1949300, 965100 1949400, 965200 1949400, 965200 1949300, 965100 1949300))"
60,1092,다사652493,1930,3898,"POLYGON ((965200 1949300, 965200 1949400, 965300 1949400, 965300 1949300, 965200 1949300))"
60,1093,다사653493,1930,3898,"POLYGON ((965300 1949300, 965300 1949400, 965400 1949400, 965400 1949300, 965300 1949300))"
60,1094,다사654493,1930,3898,"POLYGON ((965400 1949300, 965400 1949400, 965500 1949400, 965500 1949300, 965400 1949300))"
60,1131,다사650492,1930,3898,"POLYGON ((965000 1949200, 965000 1949300, 965100 1949300, 965100 1949200, 965000 1949200))"
60,1132,다사651492,1930,3898,"POLYGON ((965100 1949200, 965100 1949300, 965200 1949300, 965200 1949200, 965100 1949200))"
60,1133,다사652492,1930,3898,"POLYGON ((965200 1949200, 965200 1949300, 965300 1949300, 965300 1949200, 965200 1949200))"
60,1134,다사653492,1930,3898,"POLYGON ((965300 1949200, 965300 1949300, 965400 1949300, 965400 1949200, 965300 1949200))"
60,1135,다사654492,1930,3898,"POLYGON ((965400 1949200, 965400 1949300, 965500 1949300, 965500 1949200, 965400 1949200))"
60,1173,다사650491,1930,3898,"POLYGON ((965000 1949100, 965000 1949200, 965100 1949200, 965100 1949100, 965000 1949100))"
60,1174,다사651491,1930,3898,"POLYGON ((965100 1949100, 965100 1949200, 965200 1949200, 965200 1949100, 965100 1949100))"
60,1175,다사652491,1930,3898,"POLYGON ((965200 1949100, 965200 1949200, 965300 1949200, 965300 1949100, 965200 1949100))"
60,1176,다사653491,1930,3898,"POLYGON ((965300 1949100, 965300 1949200, 965400 1949200, 965400 1949100, 965300 1949100))"
60,1214,다사650490,1930,3898,"POLYGON ((965000 1949000, 965000 1949100, 965100 1949100, 965100 1949000, 965000 1949000))"
60,1215,다사651490,1930,3898,"POLYGON ((965100 1949000, 965100 1949100, 965200 1949100, 965200 1949000, 965100 1949000))"
60,1216,다사652490,1930,3898,"POLYGON ((965200 1949000, 965200 1949100, 965300 1949100, 965300 1949000, 965200 1949000))"
60,1217,다사653490,1930,3898,"POLYGON ((965300 1949000, 965300 1949100, 965400 1949100, 965400 1949000, 965300 1949000))"
69,1250,다사645489,1929,3897,"POLYGON ((964500 1948900, 964500 1949000, 964600 1949000, 964600 1948900, 964500 1948900))"
69,1251,다사646489,1929,3897,"POLYGON ((964600 1948900, 964600 1949000, 964700 1949000, 964700 1948900, 964600 1948900))"
69,1252,다사647489,1929,3897,"POLYGON ((964700 1948900, 964700 1949000, 964800 1949000, 964800 1948900, 964700 1948900))"
69,1253,다사648489,1929,3897,"POLYGON ((964800 1948900, 964800 1949000, 964900 1949000, 964900 1948900, 964800 1948900))"
69,1254,다사649489,1929,3897,"POLYGON ((964900 1948900, 964900 1949000, 965000 1949000, 965000 1948900, 964900 1948900))"
69,1290,다사645488,1929,3897,"POLYGON ((964500 1948800, 964500 1948900, 964600 1948900, 964600 1948800, 964500 1948800))"
69,1291,다사646488,1929,3897,"POLYGON ((964600 1948800, 964600 1948900, 964700 1948900, 964700 1948800, 964600 1948800))"
69,1292,다사647488,1929,3897,"POLYGON ((964700 1948800, 964700 1948900, 964800 1948900, 964800 1948800, 964700 1948800))"
69,1293,다사648488,1929,3897,"POLYGON ((964800 1948800, 964800 1948900, 964900 1948900, 964900 1948800, 964800 1948800))"
69,1294,다사649488,1929,3897,"POLYGON ((964900 1948800, 964900 1948900, 965000 1948900, 965000 1948800, 964900 1948800))"
69,1329,다사645487,1929,3897,"POLYGON ((964500 1948700, 964500 1948800, 964600 1948800, 964600 1948700, 964500 1948700))"
69,1330,다사646487,1929,3897,"POLYGON ((964600 1948700, 964600 1948800, 964700 1948800, 964700 1948700, 964600 1948700))"
69,1331,다사647487,1929,3897,"POLYGON ((964700 1948700, 964700 1948800, 964800 1948800, 964800 1948700, 964700 1948700))"
69,1332,다사648487,1929,3897,"POLYGON ((964800 1948700, 964800 1948800, 964900 1948800, 964900 1948700, 964800 1948700))"
69,1333,다사649487,1929,3897,"POLYGON ((964900 1948700, 964900 1948800, 965000 1948800, 965000 1948700, 964900 1948700))"
69,1368,다사645486,1929,3897,"POLYGON ((964500 1948600, 964500 1948700, 964600 1948700, 964600 1948600, 964500 1948600))"
69,1369,다사646486,1929,3897,"POLYGON ((964600 1948600, 964600 1948700, 964700 1948700, 964700 1948600, 964600 1948600))"
69,1370,다사647486,1929,3897,"POLYGON ((964700 1948600, 964700 1948700, 964800 1948700, 964800 1948600, 964700 1948600))"
69,1371,다사648486,1929,3897,"POLYGON ((964800 1948600, 964800 1948700, 964900 1948700, 964900 1948600, 964800 1948600))"
69,1406,다사645485,1929,3897,"POLYGON ((964500 1948500, 964500 1948600, 964600 1948600, 964600 1948500, 964500 1948500))"
69,1407,다사646485,1929,3897,"POLYGON ((964600 1948500, 964600 1948600, 964700 1948600, 964700 1948500, 964600 1948500))"
69,1408,다사647485,1929,3897,"POLYGON ((964700 1948500, 964700 1948600, 964800 1948600, 964800 1948500, 964700 1948500))"
72,1409,다사610484,1922,3896,"POLYGON ((961000 1948400, 961000 1948500, 961100 1948500, 961100 1948400, 961000 1948400))"
72,1410,다사611484,1922,3896,"POLYGON ((961100 1948400, 961100 1948500, 961200 1948500, 961200 1948400, 961100 1948400))"
72,1411,다사612484,1922,3896,"POLYGON ((961200 1948400, 961200 1948500, 961300 1948500, 961300 1948400, 961200 1948400))"
72,1412,다사613484,1922,3896,"POLYGON ((961300 1948400, 961300 1948500, 961400 1948500, 961400 1948400, 961300 1948400))"
72,1413,다사614484,1922,3896,"POLYGON ((961400 1948400, 961400 1948500, 961500 1948500, 961500 1948400, 961400 1948400))"
72,1446,다사610483,1922,3896,"POLYGON ((961000 1948300, 961000 1948400, 961100 1948400, 961100 1948300, 961000 1948300))"
72,1447,다사611483,1922,3896,"POLYGON ((961100 1948300, 961100 1948400, 961200 1948400, 961200 1948300, 961100 1948300))"
72,1448,다사612483,1922,3896,"POLYGON ((961200 1948300, 961200 1948400, 961300 1948400, 961300 1948300, 961200 1948300))"
72,1449,다사613483,1922,3896,"POLYGON ((961300 1948300, 961300 1948400, 961400 1948400, 961400 1948300, 961300 1948300))"
72,1450,다사614483,1922,3896,"POLYGON ((961400 1948300, 961400 1948400, 961500 1948400, 961500 1948300, 961400 1948300))"
72,1483,다사610482,1922,3896,"POLYGON ((961000 1948200, 961000 1948300, 961100 1948300, 961100 1948200, 961000 1948200))"
72,1484,다사611482,1922,3896,"POLYGON ((961100 1948200, 961100 1948300, 961200 1948300, 961200 1948200, 961100 1948200))"
72,1485,다사612482,1922,3896,"POLYGON ((961200 1948200, 961200 1948300, 961300 1948300, 961300 1948200, 961200 1948200))"
72,1486,다사613482,1922,3896,"POLYGON ((961300 1948200, 961300 1948300, 961400 1948300, 961400 1948200, 961300 1948200))"
72,1487,다사614482,1922,3896,"POLYGON ((961400 1948200, 961400 1948300, 961500 1948300, 961500 1948200, 961400 1948200))"
72,1519,다사610481,1922,3896,"POLYGON ((961000 1948100, 961000 1948200, 961100 1948200, 961100 1948100, 961000 1948100))"
72,1520,다사611481,1922,3896,"POLYGON ((961100 1948100, 961100 1948200, 961200 1948200, 961200 1948100, 961100 1948100))"
72,1521,다사612481,1922,3896,"POLYGON ((961200 1948100, 961200 1948200, 961300 1948200, 961300 1948100, 961200 1948100))"
72,1522,다사613481,1922,3896,"POLYGON ((961300 1948100, 961300 1948200, 961400 1948200, 961400 1948100, 961300 1948100))"
72,1523,다사614481,1922,3896,"POLYGON ((961400 1948100, 961400 1948200, 961500 1948200, 961500 1948100, 961400 1948100))"
72,1555,다사610480,1922,3896,"POLYGON ((961000 1948000, 961000 1948100, 961100 1948100, 961100 1948000, 961000 1948000))"
72,1556,다사611480,1922,3896,"POLYGON ((961100 1948000, 961100 1948100, 961200 1948100, 961200 1948000, 961100 1948000))"
72,1557,다사612480,1922,3896,"POLYGON ((961200 1948000, 961200 1948100, 961300 1948100, 961300 1948000, 961200 1948000))"
72,1558,다사613480,1922,3896,"POLYGON ((961300 1948000, 961300 1948100, 961400 1948100, 961400 1948000, 961300 1948000))"
72,1559,다사614480,1922,3896,"POLYGON ((961400 1948000, 961400 1948100, 961500 1948100, 961500 1948000, 961400 1948000))"
78,1439,다사640484,1928,3896,"POLYGON ((964000 1948400, 964000 1948500, 964100 1948500, 964100 1948400, 964000 1948400))"
78,1440,다사641484,1928,3896,"POLYGON ((964100 1948400, 964100 1948500, 964200 1948500, 964200 1948400, 964100 1948400))"
78,1441,다사642484,1928,3896,"POLYGON ((964200 1948400, 964200 1948500, 964300 1948500, 964300 1948400, 964200 1948400))"
78,1442,다사643484,1928,3896,"POLYGON ((964300 1948400, 964300 1948500, 964400 1948500, 964400 1948400, 964300 1948400))"
78,1443,다사644484,1928,3896,"POLYGON ((964400 1948400, 964400 1948500, 964500 1948500, 964500 1948400, 964400 1948400))"
78,1476,다사640483,1928,3896,"POLYGON ((964000 1948300, 964000 1948400, 964100 1948400, 964100 1948300, 964000 1948300))"
78,1477,다사641483,1928,3896,"POLYGON ((964100 1948300, 964100 1948400, 964200 1948400, 964200 1948300, 964100 1948300))"
78,1478,다사642483,1928,3896,"POLYGON ((964200 1948300, 964200 1948400, 964300 1948400, 964300 1948300, 964200 1948300))"
78,1479,다사643483,1928,3896,"POLYGON ((964300 1948300, 964300 1948400, 964400 1948400, 964400 1948300, 964300 1948300))"
78,1480,다사644483,1928,3896,"POLYGON ((964400 1948300, 964400 1948400, 964500 1948400, 964500 1948300, 964400 1948300))"
78,1513,다사640482,1928,3896,"POLYGON ((964000 1948200, 964000 1948300, 964100 1948300, 964100 1948200, 964000 1948200))"
78,1514,다사641482,1928,3896,"POLYGON ((964100 1948200, 964100 1948300, 964200 1948300, 964200 1948200, 964100 1948200))"
78,1515,다사642482,1928,3896,"POLYGON ((964200 1948200, 964200 1948300, 964300 1948300, 964300 1948200, 964200 1948200))"
78,1516,다사643482,1928,3896,"POLYGON ((964300 1948200, 964300 1948300, 964400 1948300, 964400 1948200, 964300 1948200))"
78,1517,다사644482,1928,3896,"POLYGON ((964400 1948200, 964400 1948300, 964500 1948300, 964500 1948200, 964400 1948200))"
78,1549,다사640481,1928,3896,"POLYGON ((964000 1948100, 964000 1948200, 964100 1948200, 964100 1948100, 964000 1948100))"
78,1550,다사641481,1928,3896,"POLYGON ((964100 1948100, 964100 1948200, 964200 1948200, 964200 1948100, 964100 1948100))"
78,1551,다사642481,1928,3896,"POLYGON ((964200 1948100, 964200 1948200, 964300 1948200, 964300 1948100, 964200 1948100))"
78,1552,다사643481,1928,3896,"POLYGON ((964300 1948100, 964300 1948200, 964400 1948200, 964400 1948100, 964300 1948100))"
78,1585,다사640480,1928,3896,"POLYGON ((964000 1948000, 964000 1948100, 964100 1948100, 964100 1948000, 964000 1948000))"
78,1586,다사641480,1928,3896,"POLYGON ((964100 1948000, 964100 1948100, 964200 1948100, 964200 1948000, 964100 1948000))"
78,1587,다사642480,1928,3896,"POLYGON ((964200 1948000, 964200 1948100, 964300 1948100, 964300 1948000, 964200 1948000))"
81,1590,다사610479,1922,3895,"POLYGON ((961000 1947900, 961000 1948000, 961100 1948000, 961100 1947900, 961000 1947900))"
81,1591,다사611479,1922,3895,"POLYGON ((961100 1947900, 961100 1948000, 961200 1948000, 961200 1947900, 961100 1947900))"
81,1592,다사612479,1922,3895,"POLYGON ((961200 1947900, 961200 1948000, 961300 1948000, 961300 1947900, 961200 1947900))"
81,1593,다사613479,1922,3895,"POLYGON ((961300 1947900, 961300 1948000, 961400 1948000, 961400 1947900, 961300 1947900))"
81,1594,다사614479,1922,3895,"POLYGON ((961400 1947900, 961400 1948000, 961500 1948000, 961500 1947900, 961400 1947900))"
81,1624,다사610478,1922,3895,"POLYGON ((961000 1947800, 961000 1947900, 961100 1947900, 961100 1947800, 961000 1947800))"
81,1625,다사611478,1922,3895,"POLYGON ((961100 1947800, 961100 1947900, 961200 1947900, 961200 1947800, 961100 1947800))"
81,1626,다사612478,1922,3895,"POLYGON ((961200 1947800, 961200 1947900, 961300 1947900, 961300 1947800, 961200 1947800))"
81,1627,다사613478,1922,3895,"POLYGON ((961300 1947800, 961300 1947900, 961400 1947900, 961400 1947800, 961300 1947800))"
81,1628,다사614478,1922,3895,"POLYGON ((961400 1947800, 961400 1947900, 961500 1947900, 961500 1947800, 961400 1947800))"
81,1658,다사610477,1922,3895,"POLYGON ((961000 1947700, 961000 1947800, 961100 1947800, 961100 1947700, 961000 1947700))"
81,1659,다사611477,1922,3895,"POLYGON ((961100 1947700, 961100 1947800, 961200 1947800, 961200 1947700, 961100 1947700))"
81,1660,다사612477,1922,3895,"POLYGON ((961200 1947700, 961200 1947800, 961300 1947800, 961300 1947700, 961200 1947700))"
81,1661,다사613477,1922,3895,"POLYGON ((961300 1947700, 961300 1947800, 961400 1947800, 961400 1947700, 961300 1947700))"
81,1662,다사614477,1922,3895,"POLYGON ((961400 1947700, 961400 1947800, 961500 1947800, 961500 1947700, 961400 1947700))"
81,1689,다사610476,1922,3895,"POLYGON ((961000 1947600, 961000 1947700, 961100 1947700, 961100 1947600, 961000 1947600))"
81,1690,다사611476,1922,3895,"POLYGON ((961100 1947600, 961100 1947700, 961200 1947700, 961200 1947600, 961100 1947600))"
81,1691,다사612476,1922,3895,"POLYGON ((961200 1947600, 961200 1947700, 961300 1947700, 961300 1947600, 961200 1947600))"
81,1692,다사613476,1922,3895,"POLYGON ((961300 1947600, 961300 1947700, 961400 1947700, 961400 1947600, 961300 1947600))"
81,1693,다사614476,1922,3895,"POLYGON ((961400 1947600, 961400 1947700, 961500 1947700, 961500 1947600, 961400 1947600))"
81,1718,다사611475,1922,3895,"POLYGON ((961100 1947500, 961100 1947600, 961200 1947600, 961200 1947500, 961100 1947500))"
81,1719,다사612475,1922,3895,"POLYGON ((961200 1947500, 961200 1947600, 961300 1947600, 961300 1947500, 961200 1947500))"
81,1720,다사613475,1922,3895,"POLYGON ((961300 1947500, 961300 1947600, 961400 1947600, 961400 1947500, 961300 1947500))"
81,1721,다사614475,1922,3895,"POLYGON ((961400 1947500, 961400 1947600, 961500 1947600, 961500 1947500, 961400 1947500))"
82,1595,다사615479,1923,3895,"POLYGON ((961500 1947900, 961500 1948000, 961600 1948000, 961600 1947900, 961500 1947900))"
82,1596,다사616479,1923,3895,"POLYGON ((961600 1947900, 961600 1948000, 961700 1948000, 961700 1947900, 961600 1947900))"
82,1597,다사617479,1923,3895,"POLYGON ((961700 1947900, 961700 1948000, 961800 1948000, 961800 1947900, 961700 1947900))"
82,1598,다사618479,1923,3895,"POLYGON ((961800 1947900, 961800 1948000, 961900 1948000, 961900 1947900, 961800 1947900))"
82,1599,다사619479,1923,3895,"POLYGON ((961900 1947900, 961900 1948000, 962000 1948000, 962000 1947900, 961900 1947900))"
82,1629,다사615478,1923,3895,"POLYGON ((961500 1947800, 961500 1947900, 961600 1947900, 961600 1947800, 961500 1947800))"
82,1630,다사616478,1923,3895,"POLYGON ((961600 1947800, 961600 1947900, 961700 1947900, 961700 1947800, 961600 1947800))"
82,1631,다사617478,1923,3895,"POLYGON ((961700 1947800, 961700 1947900, 961800 1947900, 961800 1947800, 961700 1947800))"
82,1632,다사618478,1923,3895,"POLYGON ((961800 1947800, 961800 1947900, 961900 1947900, 961900 1947800, 961800 1947800))"
82,1633,다사619478,1923,3895,"POLYGON ((961900 1947800, 961900 1947900, 962000 1947900, 962000 1947800, 961900 1947800))"
82,1663,다사615477,1923,3895,"POLYGON ((961500 1947700, 961500 1947800, 961600 1947800, 961600 1947700, 961500 1947700))"
82,1664,다사616477,1923,3895,"POLYGON ((961600 1947700, 961600 1947800, 961700 1947800, 961700 1947700, 961600 1947700))"
82,1665,다사617477,1923,3895,"POLYGON ((961700 1947700, 961700 1947800, 961800 1947800, 961800 1947700, 961700 1947700))"
82,1666,다사618477,1923,3895,"POLYGON ((961800 1947700, 961800 1947800, 961900 1947800, 961900 1947700, 961800 1947700))"
82,1667,다사619477,1923,3895,"POLYGON ((961900 1947700, 961900 1947800, 962000 1947800, 962000 1947700, 961900 1947700))"
82,1694,다사615476,1923,3895,"POLYGON ((961500 1947600, 961500 1947700, 961600 1947700, 961600 1947600, 961500 1947600))"
82,1695,다사616476,1923,3895,"POLYGON ((961600 1947600, 961600 1947700, 961700 1947700, 961700 1947600, 961600 1947600))"
82,1696,다사617476,1923,3895,"POLYGON ((961700 1947600, 961700 1947700, 961800 1947700, 961800 1947600, 961700 1947600))"
82,1697,다사618476,1923,3895,"POLYGON ((961800 1947600, 961800 1947700, 961900 1947700, 961900 1947600, 961800 1947600))"
82,1698,다사619476,1923,3895,"POLYGON ((961900 1947600, 961900 1947700, 962000 1947700, 962000 1947600, 961900 1947600))"
82,1722,다사615475,1923,3895,"POLYGON ((961500 1947500, 961500 1947600, 961600 1947600, 961600 1947500, 961500 1947500))"
82,1723,다사616475,1923,3895,"POLYGON ((961600 1947500, 961600 1947600, 961700 1947600, 961700 1947500, 961600 1947500))"
82,1724,다사617475,1923,3895,"POLYGON ((961700 1947500, 961700 1947600, 961800 1947600, 961800 1947500, 961700 1947500))"
82,1725,다사618475,1923,3895,"POLYGON ((961800 1947500, 961800 1947600, 961900 1947600, 961900 1947500, 961800 1947500))"
82,1726,다사619475,1923,3895,"POLYGON ((961900 1947500, 961900 1947600, 962000 1947600, 962000 1947500, 961900 1947500))"
86,1615,다사635479,1927,3895,"POLYGON ((963500 1947900, 963500 1948000, 963600 1948000, 963600 1947900, 963500 1947900))"
86,1616,다사636479,1927,3895,"POLYGON ((963600 1947900, 963600 1948000, 963700 1948000, 963700 1947900, 963600 1947900))"
86,1617,다사637479,1927,3895,"POLYGON ((963700 1947900, 963700 1948000, 963800 1948000, 963800 1947900, 963700 1947900))"
86,1618,다사638479,1927,3895,"POLYGON ((963800 1947900, 963800 1948000, 963900 1948000, 963900 1947900, 963800 1947900))"
86,1619,다사639479,1927,3895,"POLYGON ((963900 1947900, 963900 1948000, 964000 1948000, 964000 1947900, 963900 1947900))"
86,1649,다사635478,1927,3895,"POLYGON ((963500 1947800, 963500 1947900, 963600 1947900, 963600 1947800, 963500 1947800))"
86,1650,다사636478,1927,3895,"POLYGON ((963600 1947800, 963600 1947900, 963700 1947900, 963700 1947800, 963600 1947800))"
86,1651,다사637478,1927,3895,"POLYGON ((963700 1947800, 963700 1947900, 963800 1947900, 963800 1947800, 963700 1947800))"
86,1652,다사638478,1927,3895,"POLYGON ((963800 1947800, 963800 1947900, 963900 1947900, 963900 1947800, 963800 1947800))"
86,1653,다사639478,1927,3895,"POLYGON ((963900 1947800, 963900 1947900, 964000 1947900, 964000 1947800, 963900 1947800))"
86,1683,다사635477,1927,3895,"POLYGON ((963500 1947700, 963500 1947800, 963600 1947800, 963600 1947700, 963500 1947700))"
86,1684,다사636477,1927,3895,"POLYGON ((963600 1947700, 963600 1947800, 963700 1947800, 963700 1947700, 963600 1947700))"
86,1685,다사637477,1927,3895,"POLYGON ((963700 1947700, 963700 1947800, 963800 1947800, 963800 1947700, 963700 1947700))"
86,1686,다사638477,1927,3895,"POLYGON ((963800 1947700, 963800 1947800, 963900 1947800, 963900 1947700, 963800 1947700))"
86,1687,다사639477,1927,3895,"POLYGON ((963900 1947700, 963900 1947800, 964000 1947800, 964000 1947700, 963900 1947700))"
86,1714,다사635476,1927,3895,"POLYGON ((963500 1947600, 963500 1947700, 963600 1947700, 963600 1947600, 963500 1947600))"
86,1715,다사636476,1927,3895,"POLYGON ((963600 1947600, 963600 1947700, 963700 1947700, 963700 1947600, 963600 1947600))"
86,1716,다사637476,1927,3895,"POLYGON ((963700 1947600, 963700 1947700, 963800 1947700, 963800 1947600, 963700 1947600))"
86,1717,다사638476,1927,3895,"POLYGON ((963800 1947600, 963800 1947700, 963900 1947700, 963900 1947600, 963800 1947600))"
86,1742,다사635475,1927,3895,"POLYGON ((963500 1947500, 963500 1947600, 963600 1947600, 963600 1947500, 963500 1947500))"
86,1743,다사636475,1927,3895,"POLYGON ((963600 1947500, 963600 1947600, 963700 1947600, 963700 1947500, 963600 1947500))"
86,1744,다사637475,1927,3895,"POLYGON ((963700 1947500, 963700 1947600, 963800 1947600, 963800 1947500, 963700 1947500))"
90,1752,다사620474,1924,3894,"POLYGON ((962000 1947400, 962000 1947500, 962100 1947500, 962100 1947400, 962000 1947400))"
90,1753,다사621474,1924,3894,"POLYGON ((962100 1947400, 962100 1947500, 962200 1947500, 962200 1947400, 962100 1947400))"
90,1754,다사622474,1924,3894,"POLYGON ((962200 1947400, 962200 1947500, 962300 1947500, 962300 1947400, 962200 1947400))"
90,1755,다사623474,1924,3894,"POLYGON ((962300 1947400, 962300 1947500, 962400 1947500, 962400 1947400, 962300 1947400))"
90,1756,다사624474,1924,3894,"POLYGON ((962400 1947400, 962400 1947500, 962500 1947500, 962500 1947400, 962400 1947400))"
90,1774,다사620473,1924,3894,"POLYGON ((962000 1947300, 962000 1947400, 962100 1947400, 962100 1947300, 962000 1947300))"
90,1775,다사621473,1924,3894,"POLYGON ((962100 1947300, 962100 1947400, 962200 1947400, 962200 1947300, 962100 1947300))"
90,1776,다사622473,1924,3894,"POLYGON ((962200 1947300, 962200 1947400, 962300 1947400, 962300 1947300, 962200 1947300))"
90,1777,다사623473,1924,3894,"POLYGON ((962300 1947300, 962300 1947400, 962400 1947400, 962400 1947300, 962300 1947300))"
90,1778,다사624473,1924,3894,"POLYGON ((962400 1947300, 962400 1947400, 962500 1947400, 962500 1947300, 962400 1947300))"
90,1791,다사620472,1924,3894,"POLYGON ((962000 1947200, 962000 1947300, 962100 1947300, 962100 1947200, 962000 1947200))"
90,1792,다사621472,1924,3894,"POLYGON ((962100 1947200, 962100 1947300, 962200 1947300, 962200 1947200, 962100 1947200))"
90,1793,다사622472,1924,3894,"POLYGON ((962200 1947200, 962200 1947300, 962300 1947300, 962300 1947200, 962200 1947200))"
90,1794,다사623472,1924,3894,"POLYGON ((962300 1947200, 962300 1947300, 962400 1947300, 962400 1947200, 962300 1947200))"
90,1795,다사624472,1924,3894,"POLYGON ((962400 1947200, 962400 1947300, 962500 1947300, 962500 1947200, 962400 1947200))"
90,1804,다사622471,1924,3894,"POLYGON ((962200 1947100, 962200 1947200, 962300 1947200, 962300 1947100, 962200 1947100))"
90,1805,다사623471,1924,3894,"POLYGON ((962300 1947100, 962300 1947200, 962400 1947200, 962400 1947100, 962300 1947100))"
90,1806,다사624471,1924,3894,"POLYGON ((962400 1947100, 962400 1947200, 962500 1947200, 962500 1947100, 962400 1947100))"
