gid,max,mean
다사628508,1.8180347681045532,0.8154405212402344
다사636494,5.342085361480713,1.748070526123047
다사622510,2.62986421585083,1.8904225158691406
다사622494,26.597728729248047,9.555341186523437
다사630485,7.431801795959473,0.7821499633789063
다사626479,0.9273280501365662,0.27385732650756833
다사631522,1.7214254140853882,1.2945761108398437
다사635513,6.449880599975586,2.425204315185547
다사632483,1.4568997621536255,1.141974639892578
다사627503,6.434519290924072,2.5095309448242187
다사633482,4.704290390014648,2.096875
다사633494,2.3548293113708496,1.2700247955322266
다사625513,0.4218478500843048,0.34382537841796873
다사614491,13.559469223022461,2.9645559692382815
다사644492,2.2704989910125732,1.7135334777832032
다사630524,1.6905666589736938,1.355296630859375
다사631489,10.346586227416992,3.338454284667969
다사618489,2.277277708053589,0.647676010131836
다사645490,4.520623683929443,0.09945816040039063
다사651495,6.273456573486328,2.2283692932128907
다사629484,0.398794561624527,0.28799102783203123
다사631509,8.663604736328125,4.00133544921875
다사641504,9.950051307678223,3.7605657958984375
다사626517,1.9858291149139404,0.9806516265869141
다사615483,1.6417598724365234,0.8345444488525391
다사627478,10.052895545959473,2.1720489501953124
다사627506,4.932116985321045,2.9657333374023436
다사638514,37.67677688598633,17.991669921875
다사628506,4.296515464782715,2.48159912109375
다사642512,14.823500633239746,8.104835205078125
다사647489,9.17253589630127,1.1452610778808594
다사640506,8.229145050048828,2.2943486022949218
다사633495,2.470123052597046,0.8260765075683594
다사623510,3.2267398834228516,1.951605987548828
다사642513,37.21653747558594,10.94378173828125
다사615489,0.6039947271347046,0.48896308898925783
다사626505,7.056268215179443,3.4959286499023436
다사637501,3.7061526775360107,1.9030335998535157
다사634477,3.544738531112671,1.6466122436523438
다사638485,8.050814628601074,2.102941589355469
다사638498,5.278721809387207,3.4253448486328124
다사640498,17.349096298217773,8.02713623046875
다사636502,4.493457794189453,1.6040660095214845
다사619483,4.0038275718688965,1.9459150695800782
다사634493,1.1249122619628906,0.4238132858276367
다사626487,4.349310398101807,2.3800872802734374
다사634516,6.976967811584473,4.192108154296875
다사629480,0.5411595106124878,0.4692837905883789
다사625480,0.3234252333641052,0.25790063858032225
다사631520,3.6119582653045654,2.5127694702148435
다사629487,11.742345809936523,7.254335327148437
다사631524,2.8181769847869873,1.5844013977050782
다사624481,0.32217034697532654,0.16983074188232422
다사638512,15.836689949035645,8.006497192382813
다사636510,4.465871810913086,0.5510734558105469
다사621498,14.267498970031738,5.518345947265625
다사623486,0.8726407885551453,0.2464084243774414
다사620480,17.829486846923828,3.7698992919921874
다사620482,0.8368315696716309,0.572192268371582
다사647501,32.332977294921875,15.2495751953125
다사643502,29.345382690429688,8.887005004882813
다사635495,1.1903574466705322,0.7748815155029297
다사621496,3.2374343872070312,2.623009033203125
다사618486,7.916272163391113,7.301749267578125
다사635522,13.631754875183105,8.1276025390625
다사639489,4.819840908050537,1.4661750793457031
다사633489,0.5396700501441956,0.43857517242431643
다사624508,5.62271785736084,2.6275064086914064
다사624482,0.2888405919075012,0.27250423431396487
다사627484,1.101662516593933,1.0929718780517579
다사635482,4.4406023025512695,1.5914675903320312
다사621487,2.783846139907837,0.7410581970214843
다사655501,20.787248611450195,11.9703857421875
다사638480,5.62768030166626,2.173494415283203
다사634513,2.8776421546936035,2.436141357421875
다사630510,5.99587345123291,2.589764404296875
다사639490,3.7617428302764893,2.0086904907226564
다사655502,35.88499450683594,8.789779052734374
다사631494,5.820074558258057,3.1422052001953125
다사624499,21.265869140625,5.2852880859375
다사638486,9.11589527130127,3.108243103027344
다사649497,4.130899429321289,1.5361306762695313
다사625479,0.6080796718597412,0.28477800369262696
다사628477,4.238266944885254,1.720412139892578
다사642501,21.091703414916992,9.530722045898438
다사629479,1.0174758434295654,0.7042679595947265
다사632485,8.278550148010254,2.8599276733398438
다사634495,1.1684428453445435,0.8008289337158203
다사626516,0.1785334050655365,0.0684358835220337
다사621504,12.149195671081543,4.406842041015625
다사648495,15.742684364318848,2.299721374511719
다사628510,1.512604832649231,0.558692741394043
다사635512,3.68914794921875,2.0080937194824218
다사635507,3.0625383853912354,1.1854763793945313
다사636523,31.449161529541016,16.171959228515625
다사622486,2.5232293605804443,0.6153498458862304
다사628479,0.7791220545768738,0.700810546875
다사625496,5.786511421203613,2.65262451171875
다사647498,19.810842514038086,6.688223876953125
다사630522,1.7986972332000732,1.3865567016601563
다사619500,1.0097976922988892,0.37743080139160157
다사630481,0.8089490532875061,0.49676712036132814
다사633505,4.79831600189209,2.9132781982421876
다사628524,9.039395332336426,3.473663635253906
다사641493,19.823978424072266,2.997903137207031
다사626497,9.021294593811035,2.699185791015625
다사627521,13.193745613098145,3.4023651123046874
다사624507,10.048800468444824,2.56020751953125
다사642510,33.25859832763672,11.67471435546875
다사643506,15.746562957763672,6.896182861328125
다사648497,11.457531929016113,2.8320819091796876
다사629519,1.2056633234024048,1.0697640991210937
다사642509,30.405132293701172,11.64171142578125
다사629523,0.8231509327888489,0.726424560546875
다사623497,6.887154579162598,2.472423858642578
다사629478,0.8480433821678162,0.6650359344482422
다사640489,1.6227567195892334,0.8476533508300781
다사620495,2.639533281326294,1.0297386169433593
다사632523,2.7487215995788574,2.0274822998046873
다사630521,1.5190856456756592,1.0355161285400392
다사632517,10.624475479125977,1.214507064819336
다사639484,2.4908998012542725,1.0923373413085937
다사614490,2.0918192863464355,0.8396887969970703
다사651493,7.67094087600708,1.111859588623047
다사616493,8.71456527709961,0.48768112182617185
다사636517,34.915287017822266,14.478388671875
다사641491,0.8045393228530884,0.20804126739501952
다사636505,7.273159503936768,2.4803425598144533
다사632495,3.1868300437927246,1.7468922424316407
다사637520,33.89472961425781,13.8583349609375
다사636509,1.7975023984909058,1.212044448852539
다사635504,5.303870677947998,2.61034423828125
다사633522,14.194794654846191,3.7385443115234374
다사631492,9.411426544189453,3.7587051391601562
다사622499,2.5533013343811035,2.307921142578125
다사635487,24.149789810180664,6.6430426025390625
다사627520,7.245214939117432,1.1788675689697266
다사642492,2.337172269821167,1.390426483154297
다사637494,1.0909982919692993,0.6452166748046875
다사633493,2.4697024822235107,0.9900289916992188
다사628507,1.818040132522583,1.5380876159667969
다사637490,5.129190444946289,1.759178924560547
다사635510,3.4434990882873535,1.7451942443847657
다사627495,2.5368199348449707,1.3012077331542968
다사615494,0.8437807559967041,0.35737510681152346
다사640491,4.3869404792785645,1.738612518310547
다사633506,7.630062103271484,1.7468756103515626
다사655499,25.763385772705078,10.100661010742188
다사647494,8.450769424438477,3.081748046875
다사624478,13.14891242980957,5.259857177734375
다사620493,1.7581697702407837,0.44767810821533205
다사636518,38.65977478027344,15.722552490234374
다사633488,7.841736316680908,0.7676264190673828
다사617487,0.7091208696365356,0.21628803253173828
다사631525,15.732841491699219,3.298958435058594
다사615487,4.380033016204834,1.8886741638183593
다사632516,3.500697135925293,1.0611681365966796
다사614488,4.210618019104004,2.5773526000976563
다사653500,19.138195037841797,7.107008666992187
다사643505,18.649545669555664,7.474671630859375
다사636522,35.284034729003906,13.32618896484375
다사621482,0.8199812769889832,0.31013633728027346
다사637499,4.296840190887451,1.2932115173339844
다사638509,4.583619117736816,2.325231628417969
다사635523,12.446480751037598,8.038374633789063
다사631487,8.702495574951172,5.195062866210938
다사630487,10.06619930267334,5.788688354492187
다사635508,4.1685471534729,2.591060791015625
다사649500,20.898876190185547,8.521008911132812
다사643486,1.9158177375793457,0.7457586669921875
다사632479,1.922377347946167,1.1571697998046875
다사647499,18.56431007385254,6.36241943359375
다사616494,0.22104977071285248,0.1828369140625
다사618501,1.1015383005142212,0.743841552734375
다사642507,21.576751708984375,7.7441845703125
다사624479,4.326686382293701,1.826296844482422
다사624510,4.433352947235107,1.9444593811035156
다사615488,2.2423830032348633,1.46039794921875
다사618487,7.602129936218262,3.041445007324219
다사615492,27.277372360229492,7.587725830078125
다사637496,7.95046329498291,2.5573606872558594
다사619490,5.688943386077881,4.835068969726563
다사631482,4.755943298339844,1.3696376037597657
다사630494,4.190981864929199,1.7321284484863282
다사631477,3.11765718460083,2.0212893676757813
다사631495,3.500664472579956,0.5863045883178711
다사637508,3.269171714782715,1.9832717895507812
다사618485,13.837732315063477,7.509609985351562
다사634512,2.436096668243408,1.1027999877929688
다사643487,1.6529289484024048,0.6540926361083984
다사630519,1.466072916984558,1.17937744140625
다사647490,0.9597925543785095,0.4790977096557617
다사620486,5.766031742095947,3.1826080322265624
다사631483,1.2045621871948242,0.5136301803588867
다사645494,14.316703796386719,4.0877291870117185
다사644505,22.581098556518555,6.3178564453125
다사619489,5.042965888977051,1.7309083557128906
다사650492,8.026572227478027,0.5576468276977539
다사654500,24.26597785949707,7.38869873046875
다사630505,12.940427780151367,4.760125427246094
다사641487,3.045034885406494,1.431920166015625
다사634496,1.3660778999328613,1.1397261810302735
다사637492,2.753800630569458,1.3566487121582032
다사631511,4.756270408630371,1.766281280517578
다사636489,1.5821404457092285,0.4169948577880859
다사630509,4.159966468811035,1.9270034790039063
다사619502,2.2523813247680664,1.0233828735351562
다사612484,2.000913619995117,1.322067108154297
다사646491,1.1025447845458984,0.1046970558166504
다사616485,1.083564043045044,0.15314020156860353
다사634490,3.4771952629089355,1.482083282470703
다사638490,3.969183921813965,2.0087435913085936
다사634500,7.656588554382324,2.648007507324219
다사619491,7.797292709350586,3.7630169677734373
다사622501,4.606438159942627,0.5750986862182618
다사628505,4.850011348724365,1.570079345703125
다사630514,3.0055549144744873,1.699862518310547
다사620490,5.688939571380615,4.723847961425781
다사626509,2.03804874420166,1.7004342651367188
다사643504,42.5093879699707,19.638729248046875
다사654498,1.1442618370056152,0.09815969467163085
다사625483,1.5128145217895508,1.1368538665771484
다사651494,1.0358678102493286,0.46122142791748044
다사625509,5.055116176605225,1.5292210388183594
다사637510,2.1400697231292725,1.7442526245117187
다사618482,14.87894058227539,4.968875427246093
다사652501,18.468673706054688,6.038728637695312
다사627513,2.907424211502075,1.7969255065917968
다사630520,1.531882643699646,1.2587596130371095
다사629520,1.5299314260482788,0.9963640594482421
다사640510,9.798201560974121,4.189617614746094
다사638499,6.909311294555664,3.478199462890625
다사631504,17.045072555541992,5.182068481445312
다사623505,2.95092511177063,1.6366131591796875
다사638502,3.3775620460510254,1.691917724609375
다사636482,3.6358718872070312,2.28838134765625
다사623484,1.976721167564392,0.7387974548339844
다사632507,5.5547003746032715,3.052603759765625
다사637485,10.25617790222168,2.83128173828125
다사628518,0.9399663209915161,0.4917776107788086
다사629490,10.443339347839355,2.2965852355957033
다사624489,18.4371337890625,4.046031494140625
다사639498,13.869438171386719,5.910843505859375
다사614485,1.9914125204086304,0.8087030792236328
다사632494,3.250347375869751,2.1630218505859373
다사634521,6.3612189292907715,3.288114013671875
다사614487,4.400654315948486,1.2008277893066406
다사631515,2.068873882293701,1.1219456481933594
다사625484,1.7431423664093018,1.355168914794922
다사633516,4.191953659057617,2.35001708984375
다사639492,12.614875793457031,3.230859375
다사627486,2.955228567123413,0.5605733871459961
다사641500,21.80154800415039,7.58592041015625
다사635492,2.332066535949707,1.6305116271972657
다사624498,6.194539546966553,1.4579513549804688
다사631517,1.6721000671386719,1.3629878234863282
다사622507,2.8930575847625732,0.922952880859375
다사635479,4.256508827209473,2.038036651611328
다사636500,7.215948104858398,3.3743856811523436
다사620505,6.2206950187683105,1.3201641845703125
다사632480,2.1936209201812744,0.7715908050537109
다사619482,4.01018762588501,0.5704787826538086
다사625512,0.42184770107269287,0.3648847198486328
다사621492,1.329456090927124,0.6979549407958985
다사642504,28.630929946899414,10.048297729492187
다사634487,2.203958034515381,0.6713318634033203
다사634523,12.333099365234375,7.833098754882813
다사628487,21.684967041015625,3.7521502685546877
다사625504,3.529125452041626,2.0515118408203126
다사636491,1.4615726470947266,0.9778016662597656
다사637503,4.2954607009887695,2.2046095275878907
다사639483,11.588831901550293,1.8897293090820313
다사632520,4.307253360748291,2.0090643310546876
다사637495,4.6825103759765625,0.9301332855224609
다사635496,1.392606258392334,0.7903740692138672
다사644507,24.47759246826172,17.167327880859375
다사643514,33.46949005126953,19.193780517578126
다사627479,0.9126749634742737,0.2330525779724121
다사624495,18.06348991394043,5.9269647216796875
다사650498,9.119904518127441,4.57365478515625
다사630523,1.7986980676651,1.2729067230224609
다사635516,6.223150253295898,4.873865966796875
다사625488,6.934231281280518,5.600145263671875
다사623482,0.2888367772102356,0.18078624725341796
다사627480,0.28161174058914185,0.07000872135162353
다사636508,2.066053867340088,1.4247525024414063
다사626483,1.5128132104873657,1.1368924713134765
다사631490,14.929887771606445,3.718069763183594
다사635503,4.272324085235596,3.064897155761719
다사643490,1.876747727394104,0.4033879852294922
다사634504,4.513908386230469,2.4657461547851565
다사626507,4.30579137802124,0.5151906204223633
다사636479,4.170407772064209,2.799952087402344
다사618492,8.017409324645996,2.9225531005859375
다사638503,3.4697234630584717,2.2157447814941404
다사638482,10.767516136169434,3.3381451416015624
다사629524,2.8263986110687256,1.0050399017333984
다사624512,0.2560395300388336,0.22078941345214845
다사623511,6.522814750671387,1.4853825378417969
다사611484,4.719737529754639,2.2202935791015626
다사640502,12.867708206176758,5.516090087890625
다사632522,8.646202087402344,2.037154083251953
다사625514,2.9570748805999756,0.43011768341064455
다사625489,6.945755958557129,1.7075640869140625
다사624503,4.537978649139404,0.9396405792236329
다사642494,16.934751510620117,5.7639703369140625
다사617484,1.3883147239685059,0.8359716033935547
다사626518,13.405701637268066,2.1698294067382813
다사642485,1.91032874584198,0.9926871490478516
다사640504,5.033260345458984,2.1376890563964843
다사612483,9.275792121887207,1.5900999450683593
다사612486,11.182414054870605,2.9704522705078125
다사617488,1.6755108833312988,0.5594826889038086
다사626514,2.0540215969085693,0.9440742492675781
다사650495,4.429104328155518,1.6129061889648437
다사628520,1.1831344366073608,0.5342590713500976
다사643513,38.324951171875,23.4139501953125
다사653498,2.6889760494232178,0.21340251922607423
다사614492,19.04317855834961,5.269340209960937
다사652498,3.7528276443481445,0.776671142578125
다사627512,5.995390892028809,2.991796569824219
다사633524,9.030686378479004,4.985264282226563
다사630513,4.957069396972656,2.5462295532226564
다사633481,3.894794225692749,1.3120730590820313
다사633519,8.857464790344238,3.8946463012695314
다사622500,4.995244979858398,2.8369790649414064
다사630482,0.8563417196273804,0.48735015869140624
다사631518,2.2912352085113525,0.8075048065185547
다사630525,15.732841491699219,2.653709716796875
다사634507,4.372125625610352,1.7705986022949218
다사641508,15.668840408325195,8.410961303710938
다사624511,0.43019339442253113,0.25543573379516604
다사619481,0.722701907157898,0.3413185882568359
다사634505,5.13078498840332,2.7015142822265625
다사632505,3.051591396331787,0.42934444427490237
다사633491,0.9428627490997314,0.35746757507324217
다사636493,5.426154613494873,1.6902330017089844
다사638492,2.568530797958374,0.8643209838867187
다사621502,11.037363052368164,3.2038983154296874
다사634488,2.4876492023468018,1.2343123626708985
다사632521,9.425086975097656,2.91650634765625
다사632486,28.862247467041016,10.969102783203125
다사650496,3.8438127040863037,2.330796356201172
다사626495,1.5723494291305542,0.616782341003418
다사630495,4.972268104553223,3.0828118896484376
다사628523,8.030967712402344,2.066355438232422
다사641489,1.8434289693832397,1.081450424194336
다사621493,1.784156084060669,1.1711717987060546
다사645492,3.996173858642578,1.797388153076172
다사638520,39.115753173828125,24.5513623046875
다사620498,7.008986473083496,2.8007733154296877
다사633514,3.075967788696289,2.1802940368652344
다사638504,6.9221110343933105,2.898677978515625
다사617490,6.420581817626953,1.181575469970703
다사632484,2.0065417289733887,1.1472495269775391
다사628484,1.1022205352783203,0.5957840728759766
다사640500,13.840727806091309,5.257626953125
다사635494,3.6295394897460938,1.5727207946777344
다사624509,5.044898986816406,2.0921372985839843
다사627510,1.6405138969421387,0.6337272262573242
다사616489,0.7120091915130615,0.43892513275146483
다사621486,0.6806063055992126,0.2395365333557129
다사641507,12.46851634979248,7.8758544921875
다사631513,5.2661614418029785,1.5961381530761718
다사637506,5.534381866455078,3.164975280761719
다사638489,8.171662330627441,1.9883059692382812
다사644504,36.15174865722656,23.58881591796875
다사631505,9.605271339416504,1.86201416015625
다사626488,6.945901870727539,4.3009732055664065
다사618498,2.4609198570251465,1.129316635131836
다사636492,1.9274423122406006,0.8636663818359375
다사654499,10.368668556213379,2.8769488525390625
다사622498,11.637517929077148,3.906773986816406
다사648499,10.084505081176758,3.275765075683594
다사618490,7.593979835510254,2.2467582702636717
다사640511,29.909074783325195,9.169443359375
다사637502,4.100224018096924,1.6693482971191407
다사633504,4.013056755065918,2.377850341796875
다사627481,0.3939068913459778,0.13285038948059083
다사620485,7.517647743225098,1.7562626647949218
다사634509,8.626243591308594,3.8485223388671876
다사631516,1.2736742496490479,1.2440213775634765
다사621503,8.235725402832031,1.4158648681640624
다사632488,6.883784294128418,1.542548828125
다사643493,12.485329627990723,4.376198425292968
다사632478,3.1062099933624268,1.364058074951172
다사631486,18.203540802001953,7.667762451171875
다사621497,9.138189315795898,3.5173220825195313
다사625508,3.8983640670776367,1.868358154296875
다사627477,11.83620834350586,5.021212463378906
다사615481,14.140646934509277,5.0071435546875
다사640501,10.890520095825195,6.6384521484375
다사638507,4.116596221923828,1.7551139831542968
다사630516,1.2736732959747314,0.5298936462402344
다사620496,3.2364542484283447,2.5531861877441404
다사630508,3.67728328704834,1.2885174560546875
다사647493,4.789113521575928,2.121703796386719
다사626482,1.1918507814407349,0.7332298278808593
다사628478,1.163492202758789,0.7708623504638672
다사614482,11.241971969604492,3.926373291015625
다사623496,5.002287864685059,2.344989013671875
다사638511,8.334744453430176,4.128863830566406
다사625486,1.81246018409729,1.5357035827636718
다사644487,1.1000826358795166,0.8537515258789062
다사622508,4.46550178527832,1.1681550598144532
다사626515,1.1462610960006714,0.220322322845459
다사635514,6.118319034576416,3.379250793457031
다사623506,3.856001138687134,2.779966125488281
다사625481,0.32632172107696533,0.2874507713317871
다사628511,4.32290506362915,2.502213439941406
다사635493,3.2178146839141846,1.5610267639160156
다사632477,3.2477877140045166,1.8454949951171875
다사625507,4.100343227386475,0.7089456176757812
다사632492,12.863429069519043,3.011383056640625
다사639485,3.4041128158569336,1.2234304809570313
다사624506,5.203455924987793,3.234902648925781
다사632506,8.539785385131836,3.2411187744140624
다사626520,12.930333137512207,4.312918701171875
다사630511,3.5095362663269043,2.3914039611816404
다사643492,2.2704989910125732,1.1799757385253906
다사618500,0.9878465533256531,0.32986473083496093
다사630486,10.066192626953125,7.00160888671875
다사619494,0.4598611295223236,0.3452069091796875
다사627488,6.555878639221191,2.19778076171875
다사634480,1.8455358743667603,1.0026122283935548
다사637493,2.4128305912017822,0.9485640716552735
다사637484,14.042478561401367,6.4658441162109375
다사628513,2.506593704223633,1.894515380859375
다사617496,1.1658483743667603,0.3473245239257812
다사643507,22.693681716918945,12.13831787109375
다사634503,4.255373477935791,2.091411285400391
다사625516,18.518936157226562,4.220192565917968
다사634510,7.4159650802612305,2.003661651611328
다사622483,0.3538567125797272,0.29961782455444336
다사618497,2.013950824737549,1.5100711059570313
다사633492,1.0268934965133667,0.44341636657714845
다사634511,2.6934924125671387,1.7328584289550781
다사626489,7.552003860473633,3.7475540161132814
다사648498,3.499113082885742,1.8017070007324218
다사640508,15.584138870239258,4.549679260253907
다사638495,14.799933433532715,2.809192810058594
다사628496,4.655403137207031,2.5476361083984376
다사622503,11.480667114257812,3.2593118286132814
다사642508,19.053028106689453,10.411749267578125
다사611485,6.071327209472656,2.146187438964844
다사623481,0.31306397914886475,0.1536196517944336
다사649491,15.232715606689453,2.023837127685547
다사651497,4.705018997192383,1.3218527221679688
다사635518,10.172945022583008,5.648480224609375
다사632487,7.666793346405029,4.929906616210937
다사643503,37.81334686279297,18.444964599609374
다사620481,1.2940945625305176,0.660768051147461
다사639497,15.488984107971191,5.591973876953125
다사634508,5.065495491027832,2.7837393188476565
다사634497,7.313253402709961,1.4257933044433593
다사633517,15.273797988891602,5.4944970703125
다사625485,1.807139277458191,1.6691072082519531
다사617493,0.29447194933891296,0.0778604793548584
다사625482,1.175108551979065,0.40601863861083987
다사638506,3.5734739303588867,1.5005670166015626
다사641494,29.331270217895508,7.681587524414063
다사616496,1.9065390825271606,0.6462047576904297
다사620497,8.16637897491455,3.9065740966796874
다사626513,1.8414720296859741,0.9689358520507813
다사622495,24.02983283996582,5.6448974609375
다사620494,1.9343154430389404,1.132979278564453
다사630512,4.955079078674316,1.893546600341797
다사615482,9.928192138671875,1.7111990356445312
다사638493,5.399271488189697,2.2768482971191406
다사633503,13.694397926330566,2.9270697021484375
다사635488,15.068337440490723,1.9242556762695313
다사618499,0.5321393609046936,0.1762940216064453
다사642493,20.540998458862305,4.7874169921875
다사624514,10.592504501342773,1.6170344543457031
다사631485,12.648418426513672,1.6010604858398438
다사646490,1.3677780628204346,0.11249011993408203
다사620503,9.260623931884766,3.8293255615234374
다사629483,0.4911899268627167,0.13347517013549803
다사614489,2.3970577716827393,1.2009741973876953
다사620504,15.379615783691406,4.994346618652344
다사634524,14.178607940673828,7.752109375
다사637486,7.154701232910156,0.4777419662475586
다사632504,10.586615562438965,3.852210693359375
다사630506,2.0406670570373535,1.2763338470458985
다사651499,10.658125877380371,3.0881707763671873
다사622488,5.387633323669434,2.06097412109375
다사621483,0.31448817253112793,0.20684154510498046
다사644488,1.2607438564300537,0.4599335861206055
다사626519,13.622912406921387,5.105789489746094
다사614486,4.826172828674316,2.405850677490234
다사637514,36.83469772338867,17.24552734375
다사638496,25.61612892150879,7.725191650390625
다사633523,11.827098846435547,5.378596801757812
다사625510,5.173689365386963,1.6073451232910156
다사626512,5.680343151092529,1.198203125
다사641490,0.9533651471138,0.6279738616943359
다사650497,3.3993141651153564,1.587755126953125
다사634506,3.316155433654785,2.56735107421875
다사635498,0.8391358256340027,0.5247464752197266
다사631521,4.603492736816406,1.7505189514160155
다사620483,0.6106541752815247,0.2738860321044922
다사622497,8.955316543579102,2.8890859985351565
다사631484,1.2581188678741455,0.5926889038085937
다사629516,1.2595393657684326,0.268617000579834
다사619495,1.7877119779586792,1.1612491607666016
다사623507,10.240660667419434,3.4510174560546876
다사646492,0.0,0.0
다사644501,37.647499084472656,12.277974853515625
다사647502,25.853883743286133,12.040360107421876
다사625506,4.871405124664307,2.0176322937011717
다사638488,12.898438453674316,6.626184692382813
다사621505,9.259930610656738,3.798811340332031
다사630483,1.7048288583755493,0.4489395904541016
다사613485,0.3890300393104553,0.29516857147216796
다사626511,2.474611282348633,0.4936539840698242
다사623480,0.5915312767028809,0.20185516357421876
다사638491,5.899887561798096,1.2876370239257813
다사642505,19.939788818359375,12.86788330078125
다사644494,11.453975677490234,3.973874206542969
다사636506,6.450080871582031,2.009626007080078
다사636520,28.547224044799805,9.998121337890625
다사641501,15.00346851348877,5.919827880859375
다사621485,0.31993812322616577,0.17704479217529298
다사617492,9.15960693359375,5.091666870117187
다사630489,5.244158744812012,1.3948486328125
다사630517,1.6746397018432617,0.9470029449462891
다사653499,6.174676895141602,3.74390869140625
다사635490,1.6396584510803223,0.9472582244873047
다사631510,6.560103893280029,3.63614990234375
다사631512,10.179788589477539,3.4347894287109373
다사636483,13.39871597290039,4.139752502441406
다사632489,1.4201490879058838,0.9228121948242187
다사629481,0.4398615062236786,0.4196005630493164
다사633496,2.470123052597046,1.394638671875
다사637491,5.432331562042236,1.2024890899658203
다사634482,8.025712013244629,2.552867736816406
다사615486,3.7930996417999268,1.562733154296875
다사630504,8.977116584777832,3.4416128540039064
다사637500,3.7061514854431152,1.7514822387695312
다사641512,35.39150619506836,22.920712890625
다사622509,4.638085842132568,1.752486114501953
다사628512,5.17833137512207,2.4464291381835936
다사627516,0.23330353200435638,0.15253549575805664
다사619496,2.565488576889038,1.1617347717285156
다사615485,2.477951765060425,0.7827974700927735
다사631507,3.662949323654175,1.3932817077636719
다사638508,4.6127753257751465,2.7979202270507812
다사621481,1.1444952487945557,0.6089579772949218
다사629513,2.329887866973877,1.2716891479492187
다사642506,15.231534957885742,10.170242309570312
다사643494,15.919580459594727,5.837986450195313
다사635489,2.320026159286499,1.1504357147216797
다사646499,14.95987606048584,9.41125732421875
다사619501,2.2952897548675537,0.6682892608642578
다사652500,26.48407745361328,11.63562744140625
다사635517,6.35247802734375,5.500262451171875
다사646494,11.444104194641113,3.5662982177734377
다사619485,14.60802173614502,7.42103271484375
다사623513,9.730332374572754,3.886402282714844
다사618481,11.034611701965332,1.199577865600586
다사636511,5.789313793182373,2.5321926879882812
다사635491,2.801529884338379,1.3322235107421876
다사639512,40.56536102294922,13.191453857421875
다사637511,5.062638282775879,2.358798370361328
다사617489,0.7120066285133362,0.16171560287475586
다사631481,2.2952537536621094,1.633722686767578
다사621491,5.347677707672119,2.8753411865234373
다사634517,9.685622215270996,3.1420501708984374
다사635497,1.1256555318832397,0.40336483001708984
다사625505,4.624027252197266,2.3110340881347655
다사635499,5.024142265319824,2.5430697631835937
다사634514,4.393957614898682,2.56809814453125
다사637521,21.080211639404297,11.4176513671875
다사633510,10.10614013671875,3.8593988037109375
다사613486,2.2409164905548096,1.1540422821044922
다사648494,11.72836685180664,3.3842294311523435
다사632509,8.793395042419434,4.014751892089844
다사627509,2.3086705207824707,1.066871109008789
다사624488,17.004718780517578,2.0301530456542967
다사647492,2.2850728034973145,0.7092567443847656
다사639508,14.920656204223633,5.476460571289063
다사615484,2.4138381481170654,1.0064646911621093
다사621495,3.222257137298584,2.3384596252441407
다사644491,2.2704954147338867,0.9694149017333984
다사633497,7.558307647705078,2.9972549438476563
다사636496,1.517564058303833,0.8930115509033203
다사639493,12.4576997756958,3.879522399902344
다사632524,3.222768783569336,1.980371856689453
다사637498,4.296844959259033,1.4771005249023437
다사613490,3.1521799564361572,0.981650619506836
다사625495,7.500175476074219,1.908892822265625
다사628480,0.762805163860321,0.4417717361450195
다사649494,15.041007041931152,1.3561402893066405
다사624497,3.866403341293335,0.30942716598510744
다사653502,14.36424446105957,6.020818481445312
다사616481,23.298568725585938,4.144678344726563
다사638487,8.083141326904297,4.639754333496094
다사620484,0.5237621068954468,0.36187263488769533
다사620501,2.2400779724121094,1.1005081176757812
다사623509,6.113170623779297,2.5482237243652346
다사631506,3.3404433727264404,1.0592572784423828
다사619484,4.995144367218018,0.5930762481689453
다사639486,2.754539966583252,1.6290916442871093
다사653497,3.876051425933838,0.8553487396240235
다사624480,0.3234100937843323,0.20653936386108399
다사641510,10.864287376403809,6.690303955078125
다사617498,1.5209227800369263,0.970390396118164
다사636480,5.673316478729248,2.4155340576171875
다사613489,8.7485933303833,2.196236267089844
다사628489,15.474331855773926,4.242930297851562
다사634481,6.296146392822266,2.093169860839844
다사635480,2.502454996109009,1.4952914428710937
다사618488,3.695958375930786,2.2003997802734374
다사622506,2.2898409366607666,0.9257087707519531
다사628522,4.983414173126221,1.3768505859375
다사629509,2.785512924194336,1.5789031982421875
다사615491,4.71250057220459,3.8495556640625
다사637509,2.1924703121185303,1.7976242065429688
다사642514,40.071678161621094,21.0245849609375
다사645493,8.292637825012207,3.0723016357421873
다사627504,6.980846405029297,2.412781066894531
다사632481,4.477443218231201,1.1996234893798827
다사627508,2.33099102973938,1.646702117919922
다사615493,15.983104705810547,1.5579856872558593
다사629512,2.962393283843994,1.4819801330566407
다사620502,8.736138343811035,0.9898365783691406
다사629477,1.740344762802124,0.9867515563964844
다사629505,6.547667980194092,2.715262756347656
다사618491,8.118040084838867,6.274140625
다사627517,1.9858264923095703,0.4001340484619141
다사648493,4.583114147186279,1.0747728729248047
다사627487,18.487497329711914,1.7159806823730468
다사643509,35.090084075927734,23.62457763671875
다사636524,27.639360427856445,13.95901123046875
다사635521,18.415185928344727,7.620761108398438
다사627515,2.8680615425109863,1.1340268707275392
다사619493,0.5647898316383362,0.41734066009521487
다사626503,4.339208602905273,2.0738844299316406
다사642487,2.351477861404419,0.25856073379516603
다사622480,4.206996440887451,0.7866744995117188
다사629511,3.293520212173462,2.263930358886719
다사632525,11.14755630493164,4.294569702148437
다사636514,14.034690856933594,7.957508544921875
다사645501,33.95939254760742,19.3666748046875
다사636481,5.500988006591797,2.5975021362304687
다사637483,14.165882110595703,3.45530029296875
다사633500,11.969185829162598,4.3332666015625
다사628482,0.42445099353790283,0.33911476135253904
다사632490,1.5307669639587402,0.7848993682861328
다사652494,4.562528610229492,1.6701461791992187
다사632493,9.025699615478516,3.401506042480469
다사640487,14.394655227661133,5.61397705078125
다사652499,12.710155487060547,5.337424926757812
다사639501,10.539509773254395,4.587681884765625
다사631488,9.800186157226562,3.6162164306640623
다사639494,6.231992721557617,3.0324267578125
다사640484,1.488574504852295,0.5781550598144531
다사651498,5.522459506988525,1.0329383850097655
다사637504,2.681351900100708,1.612311553955078
다사649501,20.667236328125,8.954786987304688
다사620491,5.688937187194824,3.0269146728515626
다사627519,2.2114734649658203,0.7459497833251953
다사644489,14.943528175354004,2.520302581787109
다사638494,3.426769971847534,0.3290250778198242
다사632510,7.330182075500488,1.2951776123046874
다사629514,3.61076021194458,2.087274475097656
다사645491,1.9449397325515747,0.2966181182861328
다사629506,4.116444110870361,1.8945126342773437
다사617483,2.7130191326141357,0.7627005767822266
다사641502,13.101558685302734,6.145809936523437
다사630479,1.0179533958435059,0.8585177612304687
다사632508,9.027639389038086,3.7636447143554688
다사633478,1.6396290063858032,1.0794475555419922
다사650500,17.347204208374023,8.915982055664063
다사647495,23.77522850036621,4.9787991333007815
다사649499,17.491065979003906,6.17331298828125
다사633515,3.0503461360931396,2.343827667236328
다사636512,7.832556247711182,3.8714105224609376
다사617486,7.916269302368164,1.6239678955078125
다사623479,12.89421272277832,3.3583050537109376
다사629485,1.5665652751922607,0.7148680877685547
다사640490,3.1398892402648926,1.1750188446044922
다사633477,5.552125930786133,1.7660769653320312
다사627518,1.9858238697052002,1.0038140869140626
다사631478,3.1062119007110596,0.7945680236816406
다사638513,21.832910537719727,9.429751586914062
다사638505,3.9233460426330566,2.879154052734375
다사641503,13.089954376220703,6.743890380859375
다사627482,1.191158652305603,0.7317635345458985
다사648502,23.242782592773438,12.182025146484374
다사622502,4.445682525634766,0.7820409393310547
다사639491,7.574480056762695,2.8370458984375
다사627496,4.457863807678223,2.8651348876953127
다사629510,5.18739652633667,1.4198130798339843
다사640512,34.1701545715332,21.87889892578125
다사632518,12.690211296081543,5.6651123046875
다사633479,4.733707427978516,1.573988494873047
다사632491,1.4807136058807373,0.7282064819335937
다사627511,6.889986038208008,2.122888946533203
다사629482,0.5304536819458008,0.40486663818359375
다사623483,0.8759446144104004,0.39964584350585936
다사638484,7.270593166351318,2.3564852905273437
다사633487,10.509908676147461,6.359304809570313
다사627505,6.51149845123291,2.7265438842773437
다사644490,14.410051345825195,2.0724847412109373
다사631508,4.447933197021484,1.6452589416503907
다사654502,34.68684768676758,14.82742431640625
다사628514,3.5307118892669678,1.8671037292480468
다사621500,5.4294891357421875,1.6499337768554687
다사653501,22.099618911743164,10.152509765625
다사630490,5.337757587432861,2.078653106689453
다사631514,2.0483691692352295,1.5416253662109376
다사629518,1.4250787496566772,0.6427598571777344
다사635506,2.420701503753662,0.8102638244628906
다사633480,3.4302752017974854,1.570255126953125
다사642489,1.0662394762039185,0.42848613739013675
다사637488,23.646862030029297,8.145968627929687
다사616483,2.4928224086761475,1.3253530883789062
다사649492,2.4102983474731445,0.5105435943603516
다사612485,2.4100351333618164,0.8444709014892579
다사631491,6.476362705230713,3.0842132568359375
다사622487,1.100314736366272,0.47515045166015624
다사652497,3.8573946952819824,0.3997039794921875
다사627514,3.5614261627197266,1.9880245971679686
다사632482,4.850240230560303,0.9459672546386719
다사619499,1.1943168640136719,0.6881925201416016
다사640494,8.79822826385498,3.2819558715820314
다사639509,6.963057518005371,3.078951721191406
다사619503,14.007107734680176,3.3443923950195313
다사629507,3.018068313598633,1.7658282470703126
다사626484,1.7229009866714478,1.0366461944580079
다사637507,5.021939754486084,2.5807379150390624
다사631480,2.5825932025909424,1.0355882263183593
다사641488,2.313258171081543,1.2392205810546875
다사621501,5.309538841247559,3.091438903808594
다사625515,6.196573257446289,2.0237026977539063
다사636490,1.5219942331314087,1.0533946228027344
다사648496,13.661251068115234,3.845738830566406
다사616492,15.081147193908691,7.0081396484375
다사622505,3.7507078647613525,1.4530142211914063
다사626481,0.32498228549957275,0.07895854473114014
다사614483,1.3112274408340454,0.502308120727539
다사628519,1.145272135734558,0.3577587890625
다사633490,1.2677401304244995,0.38246463775634765
다사631519,3.678839921951294,1.6295184326171874
다사650493,0.951885998249054,0.7758433532714843
다사635483,6.5342864990234375,2.4941827392578126
다사649498,5.499133110046387,2.6408651733398436
다사649493,0.8187525868415833,0.7582720947265625
다사644502,28.081483840942383,12.5626171875
다사642490,1.140432357788086,0.8498276519775391
다사628488,9.430037498474121,3.5496490478515623
다사624513,4.003190994262695,0.6108417510986328
다사649495,19.352134704589844,6.022194213867188
다사643512,38.77311325073242,26.2774658203125
다사617495,0.3685324788093567,0.334542350769043
다사653504,34.11058044433594,16.3098193359375
다사628525,15.00072193145752,4.318876647949219
다사633511,5.579073905944824,3.3873388671875
다사633486,13.593032836914062,5.967950439453125
다사639506,3.606736183166504,2.4349546813964844
다사634515,5.057347297668457,3.426313781738281
다사632513,1.433922290802002,0.9364025115966796
다사626506,4.891392230987549,2.0184979248046875
다사632519,6.044750213623047,2.538626861572266
다사629504,17.53679084777832,7.604450073242187
다사646501,34.343849182128906,22.35456298828125
다사621484,0.48064932227134705,0.4005044174194336
다사616482,22.71319580078125,3.605832214355469
다사612487,16.946338653564453,6.709421997070312
다사651500,31.292049407958984,11.426827392578126
다사639488,11.029716491699219,2.623074951171875
다사629489,12.247838020324707,3.847945556640625
다사630515,3.2064924240112305,1.628964385986328
다사655503,41.180091857910156,15.99468994140625
다사628516,1.7027714252471924,0.34042747497558595
다사650494,2.1399879455566406,1.0133867645263672
다사619487,7.399170875549316,4.05528564453125
다사620488,2.55195689201355,2.1456048583984373
다사630484,2.0498321056365967,0.4500596618652344
다사623498,6.079061031341553,3.1201104736328125
다사645506,24.986974716186523,9.44424072265625
다사644486,8.194042205810547,2.1698147583007814
다사620500,1.1937284469604492,0.6441818237304687
다사633499,13.851364135742188,5.7669384765625
다사624487,1.158251404762268,0.9811920928955078
다사633512,3.0855824947357178,0.2888784408569336
다사631479,1.510038137435913,1.0918309020996093
다사634483,17.678016662597656,6.726232299804687
다사629517,0.4993169903755188,0.3500256729125977
다사635500,4.1027960777282715,2.5630484008789063
다사636499,4.4088850021362305,1.802688751220703
다사636507,2.6148910522460938,1.6910813903808595
다사621506,5.6402130126953125,0.9558961486816406
다사632514,1.8059779405593872,1.3413751220703125
다사617497,1.4227609634399414,0.8189658355712891
다사630493,3.437386989593506,0.9469504547119141
다사623495,7.262256622314453,2.4023873901367185
다사630480,1.1870206594467163,0.5311561584472656
다사616484,1.9768160581588745,0.6431171417236328
다사641499,28.907154083251953,8.895267944335938
다사619498,1.53472101688385,0.6938072967529297
다사635524,15.301054954528809,9.164588012695312
다사621480,14.97862720489502,1.9052044677734374
다사642511,35.602210998535156,11.954755859375
다사625511,0.49080151319503784,0.37986351013183595
다사632512,10.664490699768066,2.369390106201172
다사636504,10.030450820922852,3.0660824584960937
다사615490,4.712499618530273,0.8904778289794922
다사616486,1.7280651330947876,0.8970462799072265
다사639502,8.286842346191406,3.6934234619140627
다사639507,12.072813034057617,2.9022705078125
다사633509,6.937989234924316,0.6111757278442382
다사640503,11.01993179321289,4.016087341308594
다사635515,6.8834428787231445,4.293193664550781
다사637513,18.495637893676758,7.693275146484375
다사634499,6.718130588531494,2.9131094360351564
다사636515,40.62232208251953,12.126259765625
다사639500,7.446588516235352,2.920167236328125
다사629486,10.066190719604492,3.558487548828125
다사629488,7.897627353668213,3.3332122802734374
다사638510,3.382606267929077,1.755653839111328
다사624483,0.7940865159034729,0.5035205078125
다사633521,14.405455589294434,4.50024658203125
다사618495,1.2412254810333252,0.5726073074340821
다사622504,13.151469230651855,3.2098919677734377
다사656507,31.514814376831055,9.48088134765625
다사643501,23.5882511138916,12.847230224609374
다사630477,2.5542197227478027,0.8637454986572266
다사644493,8.564478874206543,3.9065167236328127
다사633508,9.012076377868652,2.786693420410156
다사636521,26.279796600341797,17.102432861328126
다사624496,5.372040748596191,2.4633999633789063
다사631476,30.2161922454834,9.504976196289062
다사645488,12.111234664916992,1.637900390625
다사648500,28.39370346069336,15.01317626953125
다사645489,17.195661544799805,3.620596923828125
다사634498,7.207743167877197,2.7998052978515626
다사616495,0.6076837182044983,0.24632394790649415
다사637489,2.3038344383239746,0.80634765625
다사635519,41.89238739013672,9.218326416015625
다사637497,2.670849323272705,1.452989501953125
다사640482,7.133529186248779,1.6588749694824219
다사641506,18.124427795410156,6.792345581054687
다사638500,4.090000152587891,2.131145782470703
다사625497,5.90878963470459,2.718974304199219
다사639511,11.114747047424316,5.193797607421875
다사637479,4.085502624511719,2.5733367919921877
다사622496,9.573383331298828,3.9137503051757814
다사650499,15.367081642150879,5.85932861328125
다사630507,2.1858761310577393,1.2544642639160157
다사651501,34.46007537841797,13.621680908203125
다사648492,1.7423667907714844,0.924106216430664
다사628521,1.4352880716323853,1.0350292205810547
다사634494,1.5105925798416138,0.8626983642578125
다사627507,1.5583765506744385,1.275417022705078
다사641492,1.5797128677368164,0.5511265563964843
다사639504,9.931439399719238,3.569012451171875
다사642503,33.07923126220703,9.117599487304688
다사623487,1.5416233539581299,0.37319297790527345
다사629522,1.3842259645462036,0.7860854339599609
다사630478,0.9066616296768188,0.7590132141113282
다사624485,1.7819398641586304,0.9865069580078125
다사628517,0.6913853883743286,0.3456941223144531
다사622481,0.5808353424072266,0.2846794128417969
다사620499,4.239760875701904,0.8351454162597656
다사629525,15.732841491699219,2.3100018310546875
다사621494,2.992833137512207,1.773167724609375
다사633507,7.222496032714844,3.1095620727539064
다사618484,31.734251022338867,3.4447293090820312
다사635505,6.669601917266846,2.5918814086914064
다사639510,3.6933653354644775,2.3814352416992186
다사623508,6.767435550689697,3.3832037353515627
다사618493,0.564784049987793,0.4694166946411133
다사652502,36.23326110839844,10.205398559570312
다사617494,0.36853235960006714,0.2361447525024414
다사632515,2.7440199851989746,1.4160635375976562
다사627483,1.1029126644134521,1.0739561462402343
다사619488,3.283607244491577,2.574226989746094
다사637505,3.2454869747161865,1.1465019989013672
다사640492,1.6825816631317139,0.9553305053710938
다사634522,16.008872985839844,7.2530126953125
다사655500,28.650802612304688,12.4060693359375
다사640509,15.181580543518066,6.792506713867187
다사616490,4.256320953369141,1.7305514526367187
다사644506,22.050874710083008,10.652291259765626
다사642502,13.477424621582031,6.031830444335937
다사654497,28.719518661499023,5.630125732421875
다사640493,2.361734390258789,0.7769565582275391
다사638483,9.013053894042969,5.082191772460938
다사634489,2.8124868869781494,1.5223628234863282
다사627485,1.9496484994888306,1.2691647338867187
다사638501,3.5336527824401855,1.5632948303222656
다사628504,7.124575614929199,3.165979309082031
다사614484,0.7214104533195496,0.5270716857910156
다사635481,5.355897426605225,2.7481124877929686
다사624504,4.5772881507873535,2.690444030761719
다사640485,0.589669406414032,0.4543485641479492
다사636501,3.2647440433502197,1.8366122436523438
다사651502,37.164886474609375,7.662269897460938
다사628483,1.1029126644134521,0.20544780731201173
다사628486,4.6777143478393555,1.4930885314941407
다사619480,17.988420486450195,6.1325006103515625
다사618483,34.44904327392578,6.690736083984375
다사656503,42.31227111816406,19.658553466796874
다사626504,3.407374382019043,1.1345902252197266
다사626496,4.047091960906982,2.5213468933105467
다사619492,7.8614091873168945,1.7583547973632812
다사641505,19.125476837158203,5.0775888061523435
다사633520,4.742411136627197,2.5535829162597654
다사645487,7.943368434906006,2.421770477294922
다사622482,0.4108683466911316,0.25617807388305663
다사654503,31.66425895690918,10.901025390625
다사628485,2.2297539710998535,1.15638916015625
다사634519,10.648344993591309,4.098681335449219
다사640488,11.581940650939941,1.8844363403320312
다사646493,6.565356731414795,2.4092735290527343
다사637512,15.40335464477539,5.942823486328125
다사649496,6.106161594390869,0.8312160491943359
다사627489,10.645784378051758,4.659727783203125
다사634491,2.790135622024536,0.9173692321777344
다사633513,2.820176124572754,0.9053890991210938
다사632511,6.864994049072266,4.745052490234375
다사630488,6.793956756591797,3.5585205078125
다사625487,5.381512641906738,3.2664434814453127
다사618496,1.980818748474121,1.3107229614257812
다사617491,9.15960693359375,5.924654541015625
다사654501,27.92432975769043,7.9442578125
다사640507,15.462601661682129,6.818660888671875
다사618494,0.46638548374176025,0.4405097961425781
다사636488,9.997625350952148,1.2672756958007811
다사636498,1.6928493976593018,0.49027076721191404
다사635520,36.566162109375,13.524022216796874
다사636495,5.6350555419921875,1.5728237915039063
다사622479,13.224924087524414,5.620431518554687
다사626510,2.7106106281280518,1.0770482635498047
다사629508,1.8180347681045532,0.5484185791015626
다사638481,14.719694137573242,2.692275085449219
다사640499,13.92239761352539,5.697572021484375
다사626508,4.512550354003906,1.985826416015625
다사636516,31.27202033996582,13.964267578125
다사625503,3.5393731594085693,2.382082824707031
다사639503,4.791726112365723,1.8195010375976564
다사626480,0.12230625003576279,0.0776719856262207
다사626485,1.7616342306137085,0.9418944549560547
다사613483,1.2702640295028687,0.9551641845703125
다사630492,7.3353118896484375,3.90031982421875
다사635509,7.24371862411499,1.355228271484375
다사626486,1.7502201795578003,0.26227888107299807
다사641509,11.492437362670898,7.939178466796875
다사619497,1.8560892343521118,0.44624412536621094
다사613484,1.3925527334213257,0.7444453430175781
다사623501,11.72676944732666,2.6288137817382813
다사623500,6.506200313568115,2.5958349609375
다사640505,3.5640923976898193,1.7468331909179688
다사628515,2.7632834911346436,1.9372511291503907
다사629515,3.8267571926116943,1.8455198669433595
다사642488,2.1704814434051514,0.4022101974487305
다사639499,6.6628618240356445,4.004373779296875
다사617482,19.221786499023438,7.24563720703125
다사638497,12.837526321411133,4.138573303222656
다사629521,1.5299289226531982,0.9080084991455079
다사643488,1.1824222803115845,0.08088539123535156
다사642491,1.7650048732757568,0.8713984680175781
다사631523,2.2761597633361816,1.4976481628417968
다사628481,0.4387664198875427,0.3611610412597656
다사631493,7.851431369781494,3.1283615112304686
다사630518,1.6746387481689453,1.4795936584472655
다사643489,0.0,0.0
다사641511,32.57027053833008,9.509210205078125
다사639505,3.586138963699341,1.2021707153320313
다사636513,9.74763011932373,6.132786254882813
다사616491,6.096498489379883,3.950946044921875
다사625478,11.039168357849121,4.683196411132813
다사634492,1.8472410440444946,0.7020656585693359
다사616487,2.468881130218506,0.6078881072998047
다사616488,2.4615750312805176,0.9467626953125
다사624486,1.7819379568099976,1.242081069946289
다사617485,7.916266441345215,2.6495187377929685
다사620492,0.6483327746391296,0.46637763977050783
다사624505,4.666679382324219,2.8475933837890626
다사621507,5.434560775756836,1.0068346405029296
다사636497,2.2321066856384277,0.8083934783935547
다사621499,4.296760082244873,0.738126449584961
다사635511,3.3279500007629395,1.0700662994384766
다사634520,9.033249855041504,3.982174072265625
다사624475,15.966811180114746,10.9635009765625
다사629496,7.302194118499756,1.43196533203125
다사634484,14.830739974975586,2.707944641113281
다사628502,4.215186595916748,2.7702462768554685
다사610476,1.0740101337432861,1.0739994049072266
다사652490,1.240170955657959,1.240170955657959
다사651506,27.012069702148438,16.406708984375
다사639514,33.31321334838867,24.272099609375
다사641523,36.62583923339844,27.32729248046875
다사644495,19.636329650878906,6.686412963867188
다사643516,31.963455200195312,18.28652587890625
다사630503,11.781044006347656,5.765344848632813
다사629471,,
다사616479,30.929533004760742,17.31792236328125
다사645518,39.21605682373047,24.7233349609375
다사646508,28.787704467773438,19.127518310546876
다사655495,6.627505302429199,2.8465362548828126
다사629497,21.180421829223633,7.577139892578125
다사658508,29.17827606201172,13.17823600769043
다사625492,10.316471099853516,3.7536407470703126
다사645516,40.79512023925781,30.33257080078125
다사635486,1.7701900005340576,1.3901289367675782
다사615475,7.795731067657471,5.418688715720664
다사622493,10.899450302124023,2.6271112060546873
다사627502,5.1812052726745605,2.3574476623535157
다사617474,,
다사647518,47.01260757446289,30.47859375
다사644520,43.478275299072266,31.87317626953125
다사640496,6.492743968963623,2.6590390014648437
다사630502,18.09568977355957,6.84677978515625
다사648504,28.632720947265625,20.21232666015625
다사634473,,
다사632503,10.785451889038086,3.7967263793945314
다사654495,18.653430938720703,7.624270629882813
다사619473,,
다사636519,38.448123931884766,10.882706298828126
다사613481,4.741662979125977,3.1230960083007813
다사640521,36.43104553222656,28.18140869140625
다사629500,12.90998649597168,5.1646881103515625
다사655510,20.133148193359375,10.79684326171875
다사633525,15.838027000427246,7.080902099609375
다사639487,19.27724838256836,4.935949096679687
다사632500,18.893421173095703,10.107992553710938
다사643481,7.169046401977539,4.662145154229526
다사625500,26.490802764892578,7.025935668945312
다사617499,1.5209254026412964,1.0734135437011718
다사649505,25.478435516357422,16.19507568359375
다사612479,4.358994960784912,4.187263488769531
다사619486,7.399170875549316,5.137686767578125
다사612488,15.089056015014648,3.8823553466796876
다사623485,1.4523617029190063,0.31790842056274415
다사648486,6.8032660484313965,2.610526775491649
다사646485,7.872226715087891,5.542654418945313
다사616476,7.795741081237793,6.320147705078125
다사640516,50.82515335083008,29.8371337890625
다사632475,15.957460403442383,6.277953338623047
다사626493,2.497042179107666,1.3839801025390626
다사642524,42.51884841918945,33.0302099609375
다사644510,36.608341217041016,26.33346923828125
다사626491,14.534435272216797,2.6410226440429687
다사647526,37.411415100097656,28.221357421875
다사649509,27.949352264404297,18.857763671875
다사642515,38.570465087890625,24.957041015625
다사621489,4.906103134155273,4.432638549804688
다사655505,30.68756103515625,21.829853515625
다사655504,31.92751121520996,16.63216552734375
다사623499,8.247930526733398,2.313535003662109
다사622491,4.4119873046875,1.0601317596435547
다사643520,37.06304168701172,28.5605859375
다사626478,18.399436950683594,8.66286376953125
다사620473,,
다사642516,36.766048431396484,28.7415576171875
다사625477,11.123751640319824,2.6156375122070314
다사643517,37.35026931762695,20.6039013671875
다사623476,14.752470016479492,6.10693603515625
다사628494,15.04428768157959,3.5037435913085937
다사640515,44.09807205200195,31.3727734375
다사645522,44.564720153808594,26.3795263671875
다사641522,37.64619827270508,26.17586181640625
다사648526,29.768661499023438,21.946116807725694
다사659505,,
다사624518,8.112720489501953,1.3250102233886718
다사650489,7.63765811920166,5.637229919433594
다사647517,41.32061767578125,32.64014404296875
다사638515,39.477806091308594,26.72868408203125
다사639523,40.701786041259766,32.0250390625
다사624491,15.369431495666504,5.101324462890625
다사646511,33.04051208496094,24.03454833984375
다사629493,8.05775260925293,3.2340777587890623
다사641521,52.53111267089844,31.8418994140625
다사645495,16.314741134643555,4.59919189453125
다사618478,12.301252365112305,2.582924499511719
다사621508,6.409885883331299,1.8590106201171874
다사625498,5.364116668701172,2.7811651611328125
다사652509,23.123132705688477,11.770848388671874
다사652506,24.16913604736328,17.19669677734375
다사642486,1.641441822052002,0.4252113723754883
다사617479,25.856409072875977,10.741634521484375
다사634501,7.666565418243408,3.95717529296875
다사615473,,
다사639518,43.25779724121094,32.3541357421875
다사633483,22.345571517944336,9.777881469726562
다사614480,7.531156539916992,2.4026870727539062
다사624519,7.4688401222229,3.525577301674701
다사648491,1.1639387607574463,0.6551915740966797
다사654492,,
다사638521,41.925453186035156,24.43907958984375
다사644512,41.15034866333008,31.23568359375
다사637475,31.02060890197754,10.368107827861657
다사618479,1.9512864351272583,0.922112808227539
다사648488,17.909578323364258,7.390219116210938
다사641498,18.388439178466797,6.2579150390625
다사617475,9.457253456115723,6.67813720703125
다사621472,,
다사611480,4.496312141418457,3.33938232421875
다사623494,25.06708526611328,5.483287353515625
다사645484,5.678166389465332,5.63831787109375
다사641486,17.515869140625,4.366032409667969
다사640486,14.75048542022705,3.813356628417969
다사652493,21.76059913635254,7.417114868164062
다사645509,30.06374168395996,18.275263671875
다사644513,39.32427215576172,31.38834228515625
다사648508,26.6395206451416,19.227406005859375
다사645523,38.77146530151367,28.6928955078125
다사640522,43.91373825073242,30.08278564453125
다사622484,0.9821137189865112,0.4366218948364258
다사643521,40.11244201660156,29.7964453125
다사623514,9.197470664978027,2.5027691650390627
다사653494,15.323081970214844,6.735865478515625
다사624502,8.20171070098877,0.8785137176513672
다사649488,7.63765811920166,5.521923965282655
다사614477,7.484618663787842,5.633341674804687
다사645497,28.00543785095215,11.851666259765626
다사618473,,
다사657510,33.46043014526367,24.0723583984375
다사623488,2.2189888954162598,0.21782590866088866
다사635501,5.5088934898376465,1.8252072143554687
다사630496,9.70144271850586,4.971636352539062
다사648524,31.3796443939209,20.7285791015625
다사636484,14.879566192626953,6.089285888671875
다사639517,40.07807540893555,27.71821044921875
다사645513,37.08510971069336,27.46824951171875
다사625473,,
다사619477,6.385815143585205,4.45622314453125
다사610480,4.475872039794922,3.57107666015625
다사640520,38.16774368286133,28.42401611328125
다사649507,37.6383171081543,25.373974609375
다사619478,4.72371244430542,2.197609710693359
다사626473,,
다사653495,14.694589614868164,6.6250982666015625
다사614478,10.145147323608398,6.501812744140625
다사613478,5.530127048492432,4.416411437988281
다사624472,,
다사637480,6.210526466369629,3.0102716064453126
다사624517,12.258853912353516,7.363685302734375
다사641513,39.36648941040039,28.79654541015625
다사613475,1.249124526977539,1.1166802644729614
다사645499,31.88119888305664,16.822005615234374
다사610478,4.3589982986450195,4.237335815429687
다사622514,11.131908416748047,2.382885865490846
다사651496,8.488249778747559,3.7017047119140627
다사646502,33.55390930175781,23.06009521484375
다사637517,35.031131744384766,17.150091552734374
다사626522,6.043308258056641,1.1593052673339843
다사650501,20.185461044311523,10.557911376953125
다사638479,26.367156982421875,3.956581726074219
다사640479,4.457242012023926,4.153443298339844
다사640514,46.24258804321289,30.98044677734375
다사650488,3.3660805225372314,2.1856643676757814
다사645507,30.55752944946289,18.250718994140627
다사617476,6.421417236328125,5.589488525390625
다사627525,15.209829330444336,5.921476263748972
다사632476,29.771459579467773,9.794996948242188
다사637478,30.006994247436523,8.462611083984376
다사643483,21.962942123413086,7.769722900390625
다사623477,4.108087062835693,1.127900619506836
다사648519,45.58229064941406,31.88120361328125
다사649520,36.83058166503906,16.3677099609375
다사623490,4.294292449951172,1.7435174560546876
다사649519,21.015222549438477,10.863284912109375
다사647486,7.959252834320068,5.996477839922664
다사626477,12.560502052307129,4.86155517578125
다사648507,35.11618423461914,14.435130615234375
다사660508,,
다사640519,47.79081344604492,35.56179931640625
다사609479,4.3589982986450195,3.1662841796875
다사643510,29.468090057373047,21.08653564453125
다사608480,8.361246109008789,7.950675964355469
다사639513,36.74433135986328,22.18235595703125
다사633476,32.907772064208984,11.09074462890625
다사635477,22.84214210510254,3.7693408203125
다사624494,14.418966293334961,4.074093322753907
다사618476,6.53044319152832,5.864417724609375
다사631497,20.901628494262695,12.132235107421875
다사630501,14.057945251464844,7.61987548828125
다사639520,47.77351379394531,28.79504150390625
다사649511,16.27984046936035,8.564784545898437
다사617473,,
다사631502,13.935572624206543,6.396333618164062
다사625502,2.938518524169922,1.79902587890625
다사642520,35.45379638671875,23.72264892578125
다사630491,6.022883415222168,3.167893371582031
다사624492,13.18501091003418,5.111358642578125
다사647514,29.111543655395508,16.862957763671876
다사611476,1.0740101337432861,1.0740003171174421
다사620506,9.72488021850586,3.6588070678710936
다사635475,9.563478469848633,0.9965175671523876
다사646514,33.38811111450195,21.4412744140625
다사645505,18.06190299987793,3.6527883911132815
다사655506,34.411155700683594,18.21091796875
다사641517,40.012489318847656,29.2810205078125
다사641484,0.7308471202850342,0.45061779022216797
다사639522,41.96976852416992,33.00951416015625
다사623502,9.002535820007324,3.189095764160156
다사628491,13.961271286010742,3.8995489501953124
다사645485,19.480546951293945,6.976754150390625
다사640523,36.64608383178711,25.9553369140625
다사642497,14.912064552307129,3.7953271484375
다사628509,1.6106846332550049,0.4895756149291992
다사627473,,
다사626523,6.057445049285889,2.8332254236394707
다사641481,30.251928329467773,9.760043334960937
다사624476,15.480295181274414,5.473382568359375
다사617477,11.089295387268066,7.566005859375
다사658507,32.74631118774414,14.776566215183424
다사613491,2.507402181625366,1.1035379791259765
다사636478,7.073984146118164,2.7253848266601564
다사644509,28.771942138671875,18.280279541015624
다사652505,31.5738525390625,18.178248291015624
다사630497,20.096071243286133,7.821610717773438
다사648520,45.813045501708984,37.790927734375
다사632474,,
다사641479,4.457245826721191,4.425317721896701
다사629491,16.028566360473633,5.826449584960938
다사647520,39.615318298339844,29.29717041015625
다사622474,,
다사646497,26.40534782409668,9.532804565429688
다사619472,,
다사635484,12.963639259338379,3.38172119140625
다사639495,14.709041595458984,5.5962457275390625
다사659508,,
다사657507,32.07316970825195,17.76271240234375
다사644515,41.53217315673828,30.85433349609375
다사657506,42.33056640625,24.10963623046875
다사623474,,
다사652507,21.229835510253906,17.01243408203125
다사656501,27.295061111450195,8.456110229492188
다사653508,29.001571655273438,18.653614501953125
다사656505,45.83943557739258,19.23141845703125
다사646507,26.731826782226562,21.77129638671875
다사627524,5.391560077667236,1.0469174957275391
다사636476,21.14078712463379,6.261533813476563
다사644511,30.548213958740234,24.38232177734375
다사626498,12.478853225708008,3.695190734863281
다사621473,,
다사641480,10.12761116027832,4.293420715332031
다사646526,36.872554779052734,22.94238037109375
다사615477,23.40956687927246,9.230914916992187
다사644496,20.04492950439453,5.867698364257812
다사623515,2.4657557010650635,0.4619485473632812
다사635478,4.256508827209473,2.4690901184082032
다사637515,39.798465728759766,23.6756591796875
다사636475,4.604922294616699,0.2709747950236003
다사625494,6.992330074310303,2.4252037048339843
다사644497,21.535003662109375,7.9319482421875
다사623517,20.867664337158203,8.398529052734375
다사636503,6.5690507888793945,2.1265078735351564
다사643525,46.36787414550781,24.22693115234375
다사658509,37.315860748291016,18.311492137419872
다사648522,37.5511474609375,29.27857421875
다사637487,21.405916213989258,4.634348754882812
다사644525,41.65419387817383,27.0329345703125
다사633501,10.30397891998291,4.412089233398437
다사628501,18.613452911376953,6.336290283203125
다사636477,27.49156379699707,6.3362890625
다사657505,43.25923156738281,19.221513671875
다사631475,15.957463264465332,8.231766510009766
다사640480,29.993417739868164,9.192105712890625
다사628492,13.577802658081055,1.1869142150878906
다사642500,36.48661804199219,12.484591064453125
다사656497,13.187202453613281,5.930120716924253
다사636485,7.147071361541748,2.344900360107422
다사642519,34.05564880371094,27.47910400390625
다사641520,57.1154899597168,33.07217041015625
다사647508,26.06574821472168,19.204952392578125
다사647487,30.76308822631836,9.125053100585937
다사645514,42.65983963012695,33.86489990234375
다사625493,12.336140632629395,3.6846957397460938
다사647500,25.472179412841797,15.21654052734375
다사629473,,
다사631500,13.611140251159668,7.036099853515625
다사649490,24.659324645996094,8.660540771484374
다사616478,50.50311279296875,19.324527587890625
다사650524,24.906028747558594,13.127828458460366
다사648516,41.0009880065918,17.552791748046875
다사626490,14.802669525146484,5.615507202148438
다사608479,8.361241340637207,4.8382041685042845
다사643491,2.2704997062683105,1.2644371795654297
다사648503,22.38283920288086,14.775517578125
다사653493,14.005232810974121,6.938377303306503
다사649504,33.085872650146484,18.7749560546875
다사643519,39.494110107421875,28.3277294921875
다사619476,6.7131876945495605,6.049481201171875
다사613487,2.126347303390503,1.4305752563476561
다사639515,36.29352569580078,25.46623779296875
다사646516,40.918846130371094,32.56833984375
다사653496,15.994553565979004,5.509576416015625
다사627491,17.6414852142334,6.863782348632813
다사618472,,
다사651504,28.893543243408203,18.476705322265627
다사656504,44.45479965209961,22.8699658203125
다사634478,3.1787431240081787,0.8315503692626953
다사646524,34.22557830810547,26.62596923828125
다사642518,36.4838752746582,27.57228271484375
다사634502,6.897005558013916,2.533720703125
다사637519,33.01209259033203,18.141451416015624
다사648490,20.2226619720459,1.731786651611328
다사632472,,
다사622478,7.348128795623779,1.2499876403808594
다사645526,45.2910270690918,26.408232421875
다사646512,38.217533111572266,23.1162646484375
다사652508,32.419498443603516,19.0337939453125
다사647510,26.16629981994629,18.001881103515625
다사619475,15.53371524810791,7.867893434920401
다사654493,7.619797706604004,6.873500569661458
다사628476,16.18232536315918,5.032633666992187
다사632473,,
다사643508,27.180599212646484,19.925400390625
다사647525,36.00555419921875,25.87646728515625
다사657503,28.99515724182129,11.29574836282169
다사646496,26.19816017150879,8.881748046875
다사634486,5.137813568115234,1.3175163269042969
다사623516,18.073150634765625,1.7813742065429687
다사637516,47.03202438354492,21.68150146484375
다사646505,21.435287475585938,7.951702270507813
다사612475,,
다사630500,10.259038925170898,4.2495489501953125
다사654510,24.203319549560547,12.93849609375
다사646517,40.79541015625,29.9399365234375
다사638478,28.742006301879883,7.84603759765625
다사616475,8.111613273620605,6.26386962890625
다사639496,28.91705894470215,7.335284423828125
다사634479,1.8016656637191772,0.569908447265625
다사655508,44.360267639160156,21.71043212890625
다사649503,27.67243194580078,15.007139892578126
다사623493,21.77363395690918,8.137284545898437
다사624516,23.599224090576172,5.609056396484375
다사643518,36.51184844970703,27.628095703125
다사623491,12.228321075439453,2.0984786987304687
다사647504,25.23343276977539,14.466309814453124
다사645520,42.01960754394531,28.13565185546875
다사611482,17.43776512145996,7.196439819335938
다사620472,,
다사633484,20.49974250793457,3.84586669921875
다사628493,16.54233741760254,3.8599667358398437
다사657502,19.827512741088867,7.103073783542799
다사652495,7.975042819976807,1.445594482421875
다사656510,30.462907791137695,15.990447998046875
다사648509,22.692668914794922,17.475172119140623
다사627476,11.578817367553711,3.2681512451171875
다사630475,15.957463264465332,10.081716918945313
다사639482,15.148995399475098,5.059430236816406
다사656509,32.1206169128418,20.196026611328126
다사642498,16.60403060913086,3.5714346313476564
다사628499,5.977654933929443,2.1603582763671874
다사647524,32.0263557434082,23.90331787109375
다사641495,26.14619255065918,5.221159057617188
다사638476,4.607260704040527,4.386705439141456
다사646518,35.31029510498047,29.057099609375
다사626474,,
다사635485,2.861208438873291,1.4895953369140624
다사646503,30.605815887451172,17.098167724609375
다사633473,,
다사613482,7.5963640213012695,1.5413822937011719
다사622490,7.083665370941162,4.232505187988282
다사619504,10.914050102233887,3.512937316894531
다사642482,26.85375213623047,10.403658447265625
다사625474,,
다사651491,23.99092674255371,7.79808837890625
다사646525,36.82235336303711,26.52250732421875
다사615480,2.71893572807312,1.805282745361328
다사653503,39.70894241333008,15.600242919921875
다사609482,29.89927864074707,10.608685893397178
다사630498,17.726329803466797,6.87937744140625
다사655496,9.317781448364258,3.8388937377929686
다사650510,16.597373962402344,7.9136474609375
다사619479,7.624920845031738,1.691612548828125
다사653505,32.8886604309082,17.497569580078125
다사645519,43.900211334228516,27.687373046875
다사616477,29.00840950012207,10.120694580078125
다사609476,,
다사622492,9.719832420349121,2.357857513427734
다사651507,25.807764053344727,17.72028564453125
다사644517,34.756370544433594,20.89878173828125
다사641514,39.7898063659668,30.58536376953125
다사650490,23.279510498046875,7.44007568359375
다사620475,15.970610618591309,9.170118204752605
다사621478,3.6895999908447266,1.1925637054443359
다사627474,,
다사628475,15.957466125488281,10.175585065569196
다사647485,5.678162097930908,2.8565182569550305
다사623504,3.866368532180786,1.172529754638672
다사643523,38.81346130371094,31.1558349609375
다사649489,13.616194725036621,6.919415283203125
다사644522,35.82453155517578,28.8081103515625
다사618474,,
다사617481,32.612369537353516,13.8136669921875
다사623489,6.7610039710998535,2.7139361572265623
다사643482,16.068992614746094,6.52262939453125
다사628497,5.2736124992370605,2.439580993652344
다사624477,3.3881402015686035,1.0428196716308593
다사647513,30.644189834594727,20.21240478515625
다사620477,6.865631580352783,4.100693359375
다사655494,5.856367588043213,3.6238861083984375
다사640481,29.327665328979492,9.898609619140625
다사646498,22.09341049194336,12.85382568359375
다사651505,27.636547088623047,19.385406494140625
다사624500,26.087158203125,3.0129855346679686
다사613476,4.358999729156494,3.464514663538982
다사614474,,
다사644516,41.372825622558594,30.79216064453125
다사653491,,
다사618477,12.113227844238281,5.52991943359375
다사648489,20.51832389831543,7.933011474609375
다사645503,32.35379409790039,15.192794189453124
다사634518,10.560863494873047,2.709314880371094
다사650504,29.693235397338867,18.077659912109375
다사638523,44.58762741088867,28.5683984375
다사609481,12.024205207824707,8.280984497070312
다사629472,,
다사607477,1.987213373184204,1.6265559196472168
다사647491,1.2695051431655884,0.23729513168334962
다사645511,33.38773727416992,23.2547119140625
다사644524,41.497066497802734,34.3085009765625
다사646488,9.653302192687988,3.3938565063476562
다사627475,16.3421630859375,11.579493931361608
다사626471,,
다사625501,5.131056785583496,1.791854705810547
다사644508,30.034133911132812,17.869180908203123
다사643522,36.634979248046875,26.34983154296875
다사645486,19.61565399169922,7.320172729492188
다사641518,43.52862548828125,33.8569287109375
다사628472,,
다사644514,40.216705322265625,31.2966748046875
다사651490,7.63765811920166,5.5077056884765625
다사625471,,
다사642495,3.329468250274658,2.023218688964844
다사646519,39.801551818847656,28.42911865234375
다사621479,10.751089096069336,4.654624328613282
다사616473,,
다사648515,22.142683029174805,10.880172119140624
다사640518,47.28650665283203,31.33932861328125
다사612481,8.769265174865723,4.2206488037109375
다사623512,6.970677375793457,2.5051223754882814
다사627472,,
다사639477,4.457245826721191,4.457237405979887
다사621488,4.97233772277832,1.4737332153320313
다사611479,4.358996391296387,3.8610107421875
다사618480,15.616129875183105,6.087952270507812
다사629503,14.157886505126953,5.682274169921875
다사630476,22.160425186157227,5.223838500976562
다사627471,,
다사643496,7.579338073730469,2.9363357543945314
다사615479,17.70512580871582,5.573853759765625
다사615495,2.516554117202759,0.9149625396728516
다사630472,,
다사622473,,
다사647512,26.175682067871094,19.88166015625
다사613477,4.3589982986450195,4.358992004394532
다사641516,40.19255065917969,32.223818359375
다사645515,41.68055725097656,29.2804296875
다사610484,13.350643157958984,3.174754333496094
다사647522,37.47175979614258,25.88594482421875
다사622489,5.387630462646484,4.581849975585937
다사646510,26.222564697265625,18.8345263671875
다사659506,,
다사650507,28.403921127319336,17.370289306640625
다사614493,12.674949645996094,1.1760927581787108
다사637476,13.518133163452148,6.76671630859375
다사649526,30.492292404174805,22.372635614304315
다사623492,16.198589324951172,5.702681884765625
다사623478,13.023198127746582,3.26189208984375
다사627497,9.862466812133789,2.9854464721679688
다사650509,22.034832000732422,13.263681640625
다사642499,40.223392486572266,15.223499755859375
다사645498,31.49178123474121,12.7753662109375
다사631498,13.137413024902344,5.830546875
다사641496,5.35249662399292,2.271912078857422
다사656502,31.63926887512207,11.468787841796875
다사642481,7.27912712097168,4.905079956054688
다사648521,41.19607925415039,36.38332275390625
다사622472,,
다사651492,25.669471740722656,6.972627563476562
다사643495,7.437128067016602,3.3093411254882814
다사611477,4.3589982986450195,3.1132208251953126
다사639481,17.71625518798828,6.620055541992188
다사635476,30.836442947387695,12.20510986328125
다사644521,46.01016616821289,30.82011962890625
다사647511,22.047964096069336,16.462296142578126
다사644484,22.971702575683594,6.261288452148437
다사624473,,
다사626476,12.103888511657715,2.625218505859375
다사627499,7.825759410858154,1.6098248291015624
다사624471,,
다사641485,2.5390048027038574,0.40809715270996094
다사633474,,
다사631501,13.377467155456543,6.24341064453125
다사611483,10.698793411254883,2.6242083740234374
다사627500,11.995868682861328,1.75961181640625
다사612478,4.358999729156494,4.358992004394532
다사638517,35.10536575317383,29.17583984375
다사643515,39.55891418457031,18.2002587890625
다사657508,32.512638092041016,13.4760009765625
다사618475,10.697023391723633,7.064654541015625
다사646513,36.29632568359375,25.65438232421875
다사622475,16.21261978149414,10.059109497070313
다사640524,47.004085540771484,29.70482177734375
다사616474,,
다사645502,31.879283905029297,18.23052978515625
다사653490,,
다사617480,24.655441284179688,4.143683166503906
다사623475,16.174060821533203,10.471875
다사621490,4.489866733551025,3.7036151123046874
다사645524,36.723388671875,29.82815185546875
다사615474,,
다사642483,25.958759307861328,7.330349731445312
다사646495,17.567716598510742,7.579049072265625
다사650525,30.472251892089844,23.979967389787948
다사625476,15.363641738891602,4.409718933105469
다사620487,3.251969814300537,2.341768951416016
다사638518,37.86636734008789,27.34073974609375
다사619474,,
다사630473,,
다사656496,11.300436019897461,3.9974064239083904
다사624493,15.768230438232422,6.9259716796875
다사646484,5.678164958953857,3.6037841796875
다사647497,23.67033576965332,8.376788330078124
다사620478,3.938666582107544,2.368979644775391
다사647503,22.748126983642578,11.20541259765625
다사626499,19.547761917114258,8.714317016601562
다사638477,12.165566444396973,4.378692016601563
다사645504,31.01986312866211,18.4365478515625
다사650505,28.773401260375977,19.488070068359374
다사640478,4.457245826721191,4.457236997542843
다사625472,,
다사621474,,
다사640495,14.47974681854248,5.820440673828125
다사634476,17.853036880493164,7.759846801757813
다사623473,,
다사653509,29.711162567138672,17.017608642578125
다사629495,4.620683193206787,2.289500885009766
다사639516,35.5777473449707,26.49655029296875
다사642523,40.89283752441406,26.74973876953125
다사646520,40.281620025634766,23.5846923828125
다사637523,40.18505859375,28.20340087890625
다사653507,32.88278579711914,25.18423095703125
다사639478,15.336362838745117,4.526817626953125
다사625517,13.823040008544922,5.129637451171875
다사616497,2.5165517330169678,1.3202267456054688
다사628498,9.451828956604004,3.0152691650390624
다사626472,,
다사644499,27.69028091430664,6.703240966796875
다사629475,15.957463264465332,10.6709716796875
다사639521,41.798641204833984,25.1197998046875
다사624484,1.966185212135315,0.8100132751464844
다사622471,,
다사643484,19.628442764282227,6.090108032226563
다사620476,6.884736061096191,6.015286865234375
다사647507,25.795875549316406,19.482806396484374
다사647509,24.2502384185791,13.515885009765626
다사621475,16.169496536254883,9.624224853515624
다사657511,40.39366912841797,20.40919921875
다사623503,3.7367303371429443,0.8204404449462891
다사642484,5.233736038208008,0.8080329895019531
다사633485,1.3365700244903564,0.8204998779296875
다사643499,33.93982696533203,9.768522338867188
다사647506,25.18429183959961,13.133533935546875
다사646521,39.03477096557617,22.8698046875
다사627494,17.05048179626465,4.14104248046875
다사621476,6.947067737579346,5.688221435546875
다사644483,5.678164958953857,5.051420288085938
다사646486,17.713054656982422,7.8569287109375
다사656498,13.187202453613281,3.9877813720703124
다사642517,38.0857048034668,31.42325927734375
다사652503,37.422149658203125,17.63091064453125
다사625475,15.95746898651123,11.665054757254465
다사614475,4.49240255355835,3.659034992086476
다사635474,,
다사629502,10.920373916625977,3.2266159057617188
다사638519,37.825931549072266,24.88891845703125
다사646527,38.57750701904297,26.531087239583332
다사645517,36.988521575927734,26.6440673828125
다사641524,39.79597473144531,29.29819580078125
다사652504,40.396060943603516,19.49689697265625
다사634475,11.446645736694336,1.8268754959106446
다사615478,38.75246047973633,14.366029052734374
다사657509,36.02414321899414,16.769752197265625
다사626502,2.938525915145874,1.9155520629882812
다사612482,16.823972702026367,2.6491207885742187
다사645483,5.6781697273254395,4.6064013312844665
다사636474,,
다사631472,,
다사650506,29.584558486938477,20.082435302734375
다사622477,7.335019588470459,2.9896405029296873
다사646515,36.859920501708984,23.1486962890625
다사657504,45.711448669433594,16.980299824416036
다사614476,7.484618663787842,4.792996520996094
다사613474,,
다사655507,31.527332305908203,11.724169921875
다사655497,26.737810134887695,7.040121459960938
다사622513,7.407245635986328,2.638899841308594
다사644523,37.254093170166016,28.8723486328125
다사624490,1.110080361366272,0.18540897369384765
다사634485,1.6872881650924683,1.334373779296875
다사640483,1.152345061302185,0.40960933685302736
다사647519,43.21372604370117,33.6594287109375
다사638516,35.39759826660156,23.50453857421875
다사649521,40.004112243652344,23.0114501953125
다사658510,38.65450668334961,24.871734619140625
다사633518,20.274898529052734,10.542894287109375
다사649524,39.2937126159668,29.0629296875
다사642522,35.60704040527344,23.753544921875
다사640513,35.817508697509766,25.972333984375
다사656499,10.113703727722168,1.4421684265136718
다사648523,36.45698547363281,24.06791015625
다사632502,9.448370933532715,4.375271301269532
다사649487,5.939208984375,2.557239956325955
다사629498,22.896995544433594,8.3275439453125
다사654494,7.436737060546875,6.101264391447368
다사651489,2.0237107276916504,1.632509708404541
다사653492,7.63765811920166,6.577286493210566
다사651508,25.672069549560547,13.903623046875
다사628503,9.95271110534668,4.253314208984375
다사644485,19.50513458251953,7.2148809814453125
다사648514,21.344757080078125,12.16572265625
다사625491,8.800687789916992,0.9355402374267578
다사647496,29.0,9.743799438476563
다사612477,4.3589982986450195,4.3153469848632815
다사616480,25.824960708618164,3.354697570800781
다사646487,29.598081588745117,7.656467895507813
다사646523,33.733734130859375,27.39775390625
다사620474,,
다사647527,31.66529083251953,20.189552017405063
다사647488,23.21917152404785,7.48876708984375
다사637481,14.74074935913086,2.339202880859375
다사652491,7.63765811920166,5.624309671336207
다사620479,11.580517768859863,3.676793212890625
다사643511,37.70235061645508,26.58945068359375
다사643524,43.20490264892578,31.32001220703125
다사654496,28.87918472290039,9.637381591796874
다사613480,6.552608489990234,3.757723693847656
다사628495,7.641495704650879,3.36187744140625
다사659509,,
다사629499,4.0258965492248535,2.3572764587402344
다사647505,30.6372013092041,16.651690673828124
다사650502,32.04945373535156,14.737216796875
다사649508,37.92991256713867,24.263857421875
다사627493,16.83902931213379,4.05839599609375
다사635502,4.3154401779174805,1.389495849609375
다사636486,3.3937699794769287,1.7693290710449219
다사625520,4.313202381134033,1.268299560546875
다사656511,13.142938613891602,9.188731689453125
다사611486,8.965243339538574,3.720808410644531
다사637482,10.832054138183594,1.5002981567382812
다사652492,21.279865264892578,7.101511840820312
다사648511,22.198684692382812,15.649735107421876
다사650503,26.42544174194336,12.751885986328125
다사634474,,
다사622512,12.858810424804688,6.783115844726563
다사646522,36.096435546875,29.39071533203125
다사618502,1.9916584491729736,1.027338409423828
다사643485,6.002379894256592,1.1318061065673828
다사631473,,
다사648517,42.91070556640625,29.2108984375
다사647523,37.03127670288086,27.02746337890625
다사648487,7.971385955810547,5.777069091796875
다사608477,2.864170551300049,1.1137120723724365
다사645510,32.02607727050781,17.395648193359374
다사658503,,
다사645521,50.56352615356445,29.47368408203125
다사641483,3.6355674266815186,0.7993744659423828
다사625499,11.937546730041504,4.472562561035156
다사626521,5.86411190032959,1.6633819580078124
다사633498,10.775599479675293,2.940942687988281
다사627492,3.3888442516326904,1.8865776062011719
다사623472,,
다사629476,17.658266067504883,5.343247680664063
다사658506,34.26383590698242,15.644288063049316
다사655498,26.69203758239746,9.316821899414062
다사611481,14.560568809509277,5.330037841796875
다사629474,,
다사631499,12.257038116455078,3.6136383056640624
다사627490,14.214677810668945,7.54548583984375
다사629501,18.249101638793945,5.98571533203125
다사629494,2.618337869644165,1.9635806274414063
다사622476,13.638755798339844,6.458914794921875
다사639519,48.34605026245117,28.45870361328125
다사611475,,
다사642496,2.4793813228607178,1.5930177307128905
다사649525,32.47334671020508,21.841396685728093
다사632497,12.15694522857666,6.481368408203125
다사632499,15.611926078796387,5.078544311523437
다사620489,5.048954963684082,4.218092651367187
다사628500,14.721123695373535,5.192738647460938
다사650491,21.82432746887207,9.320094604492187
다사641515,40.071807861328125,31.327265625
다사626475,16.171369552612305,12.420250592912947
다사646506,21.317136764526367,12.323382568359374
다사632498,13.007577896118164,3.8782504272460936
다사637518,33.26734161376953,19.262283935546876
다사645496,20.87616729736328,8.969611206054687
다사648525,32.17845916748047,23.3430029296875
다사658505,30.668807983398438,18.089942932128906
다사653510,28.165449142456055,10.322562255859374
다사652496,6.580934524536133,2.946195068359375
다사654505,29.90400505065918,13.44001953125
다사641482,28.333810806274414,3.643102111816406
다사615476,7.795741081237793,6.750341186523437
다사650508,29.119150161743164,19.49726806640625
다사609477,1.0740101337432861,1.0739995935461024
다사629492,14.829496383666992,6.581712036132813
다사643497,20.04548454284668,5.657395629882813
다사648506,33.02333068847656,21.98924072265625
다사649523,41.699951171875,27.68305419921875
다사644482,5.678166389465332,5.142315828347508
다사654504,38.19472885131836,19.88416015625
다사651503,40.40092086791992,19.5718017578125
다사644519,39.7712287902832,32.302080078125
다사653506,30.8309268951416,20.7810595703125
다사659507,,
다사645512,37.338645935058594,25.32836669921875
다사610482,30.910747528076172,10.169200439453125
다사628474,,
다사648518,39.29494094848633,23.2474267578125
다사626501,5.104527950286865,1.9273419189453125
다사625519,4.543097972869873,1.103052978515625
다사644500,40.79789733886719,14.231998291015625
다사630499,13.118509292602539,4.163410034179687
다사609480,10.554139137268066,4.142708435058593
다사614481,11.01838207244873,4.752471008300781
다사613488,10.312970161437988,2.236896514892578
다사610479,4.3589982986450195,3.470539855957031
다사641519,42.916603088378906,30.49694091796875
다사650523,13.80624008178711,7.520792236328125
다사646500,25.80954933166504,14.893956298828124
다사610481,15.484647750854492,6.20467529296875
다사628490,15.38250732421875,3.6498257446289064
다사655509,29.056739807128906,15.261072998046876
다사633502,12.605170249938965,3.1636721801757814
다사624474,,
다사645525,43.949607849121094,30.6360888671875
다사641497,10.51364517211914,4.831106567382813
다사631496,16.70156478881836,8.57155029296875
다사643498,18.949342727661133,6.743302001953125
다사647516,40.60927200317383,30.408203125
다사621477,8.378067970275879,3.9525335693359374
다사654507,45.33164596557617,20.07094970703125
다사640497,8.123451232910156,2.526520538330078
다사658504,28.503551483154297,27.999008178710938
다사611478,4.3589982986450195,4.35899169921875
다사627501,11.492846488952637,2.54953857421875
다사645508,31.228906631469727,19.48674560546875
다사654506,36.45587921142578,18.918834228515625
다사649522,38.70487594604492,22.891240234375
다사656500,22.46990966796875,4.9149560546875
다사646504,24.017404556274414,11.180469970703125
다사612480,7.260043144226074,3.267536926269531
다사627523,6.290984153747559,2.471616058349609
다사648510,23.04058074951172,12.83827392578125
다사610483,26.712032318115234,7.870081176757813
다사623471,,
다사627498,10.464409828186035,3.7967788696289064
다사649510,22.000385284423828,15.517705078125
다사649506,27.234498977661133,16.1572900390625
다사628473,,
다사639480,35.688594818115234,9.359265747070312
다사656506,45.185455322265625,9.55278564453125
다사624515,21.552379608154297,6.549100952148438
다사640517,38.35828399658203,29.74202392578125
다사626492,4.294754981994629,0.8268122863769531
다사654508,40.99372482299805,23.37973876953125
다사637522,34.27222442626953,26.94613037109375
다사647515,31.016416549682617,18.15738525390625
다사631503,15.84049129486084,6.806817626953125
다사648501,24.985797882080078,11.124644775390625
다사626494,1.7670007944107056,0.6473387908935547
다사647521,38.0216064453125,25.22411865234375
다사614479,10.461694717407227,6.2436065673828125
다사633475,14.831134796142578,4.133150482177735
다사617478,16.088022232055664,7.9722412109375
다사637477,29.871631622314453,10.733826904296874
다사648505,31.211977005004883,18.86833984375
다사639479,26.7347354888916,8.28636962890625
다사644518,40.07099914550781,24.8991162109375
다사646489,4.396573543548584,0.7098813629150391
다사658511,40.3936767578125,37.29318734102471
다사642480,4.781384468078613,4.28674791124132
다사656508,27.95248794555664,12.9542822265625
다사645500,32.37492370605469,19.828382568359373
다사644498,27.428810119628906,6.978362426757813
다사646509,32.79311752319336,20.43664794921875
다사625518,13.259156227111816,4.067988586425781
다사642521,36.53248977661133,25.610810546875
다사632496,16.46672248840332,6.48882080078125
다사644503,30.816356658935547,19.051466064453123
다사627522,11.619004249572754,4.55714599609375
다사626500,7.782837390899658,3.743669128417969
다사648512,22.12917709350586,17.014102783203125
다사612476,4.3589982986450195,1.85890548293655
다사649502,24.738557815551758,15.49656494140625
다사632501,10.949481964111328,5.578104858398437
다사631474,,
다사654509,32.7937126159668,19.92792236328125
다사638522,40.2183837890625,30.112626953125
다사628471,,
다사643500,40.19658279418945,7.773292846679688
다사609478,4.358999729156494,2.8319100952148437
다사622485,1.085005283355713,0.4981238555908203
다사608478,8.042436599731445,2.24770710080169
다사625490,0.0,0.0
다사610477,4.358994483947754,1.4510646057128906
다사636487,16.765666961669922,4.288149719238281
다사644526,39.05692672729492,25.83416259765625
다사624501,5.749456405639648,2.450145416259766
다사613479,6.030555725097656,4.543704223632813
다사630474,,
